detect_id,scene_id,lat,lon,detect_timestamp,speed_kn_inferred,heading_deg_inferred,length_m_inferred,presence_score,nonvessel_score,cloud_score,likely_infrastructure,potential_ice,matching_score,matching_score_secondary,matching_confidence,mmsi,ais_lat_before,ais_lat_after,ais_lon_before,ais_lon_after,ais_speed_kn_before,ais_speed_kn_after,ais_course_before,ais_course_after,ais_timestamp_before,ais_timestamp_after,ais_length_m,month,geometry
S2A_MSIL1C_20220411T101601_N0400_R065_T32TNM_20220411T124038;9.285752000;41.5943190,S2A_MSIL1C_20220411T101601_N0400_R065_T32TNM_20220411T124038,41.594319,9.285752,2022-04-11 10:29:13.474 UTC,0.99,37.24225668350351,24.4,0.321,0.0471498817,0.0373656029676281,False,False,0.0,,,,,,,,,,,,,,,04,POINT (9.285752 41.594319)
S2A_MSIL1C_20220428T100601_N0400_R022_T32TNM_20220509T093033;9.384848000;41.5919590,S2A_MSIL1C_20220428T100601_N0400_R022_T32TNM_20220509T093033,41.591959,9.384848,2022-04-28 10:19:21.454 UTC,2.52,308.3425461093044,29.5,0.559,0.0783803388,0.0107589547954636,False,False,1.2659905386287765e-06,,0.0567750101660349,228258888.0,,43.13108666666666,,10.11042,,21.5,,14.300000190734863,,2022-04-28 15:28:46 UTC,,04,POINT (9.384848 41.591959)
S2B_MSIL1C_20220426T101549_N0400_R065_T32TNL_20220426T124513;9.253948000;41.3470480,S2B_MSIL1C_20220426T101549_N0400_R065_T32TNL_20220426T124513,41.347048,9.253948,2022-04-26 10:29:19.066 UTC,0.56,208.07493196141036,20.3,0.702,0.8268662691,0.0160861044198371,False,False,0.0002564604109121,,0.631482850245926,227907650.0,41.34372666666666,41.339633333333325,9.23119,9.25132,8.600000381469727,0.3000000119209289,119.09999847412108,130.1999969482422,2022-04-26 10:17:00 UTC,2022-04-26 10:33:56 UTC,15.801667055233334,04,POINT (9.253948 41.347048)
S2B_MSIL1C_20220416T101559_N0400_R065_T32TNM_20220416T160249;9.322047000;41.6062030,S2B_MSIL1C_20220416T101559_N0400_R065_T32TNM_20220416T160249,41.606203,9.322047,2022-04-16 10:29:07.511 UTC,7.94,95.11099399171664,30.5,0.814,0.2831179798,0.0215236593092924,False,False,8.319754551580348e-06,,0.1221805046638751,247367804.0,42.86067,,10.38902,,15.1,,216.0,,2022-04-16 04:17:14 UTC,,,04,POINT (9.322047 41.606203)
S2B_MSIL1C_20220416T101559_N0400_R065_T32TNM_20220416T160249;9.402092000;41.6832330,S2B_MSIL1C_20220416T101559_N0400_R065_T32TNM_20220416T160249,41.683233,9.402092,2022-04-16 10:29:07.511 UTC,8.03,251.6197243913529,71.8,0.61,0.0896595269,0.0098525530172909,False,False,0.0,,,,,,,,,,,,,,,04,POINT (9.402092 41.683233)
S2A_MSIL1C_20220401T101601_N0400_R065_T32TNM_20220401T122746;9.306590000;41.4844660,S2A_MSIL1C_20220401T101601_N0400_R065_T32TNM_20220401T122746,41.484466,9.30659,2022-04-01 10:29:13.577 UTC,1.15,304.90479933851947,20.8,0.743,0.0896188989,0.0284796001333309,False,False,0.0001425456891937,,0.6518097090001406,227225760.0,,41.591015,,9.283465,,0.0,,173.89999389648438,,2022-04-01 12:59:32 UTC,20.946434335309306,04,POINT (9.30659 41.484466)
S2A_MSIL1C_20220428T100601_N0400_R022_T32TNM_20220509T093033;9.287202000;41.5966580,S2A_MSIL1C_20220428T100601_N0400_R022_T32TNM_20220509T093033,41.596658,9.287202,2022-04-28 10:19:21.454 UTC,0.2,196.04281826366304,25.1,0.82,0.5923506021,0.0401451432812274,False,False,0.0,,,,,,,,,,,,,,,04,POINT (9.287202 41.596658)
S2B_MSIL1C_20220423T100549_N0400_R022_T32TNM_20220423T122947;9.370498000;41.6004730,S2B_MSIL1C_20220423T100549_N0400_R022_T32TNM_20220423T122947,41.600473,9.370498,2022-04-23 10:19:09.656 UTC,3.84,84.22479588423101,29.3,0.431,0.342089206,0.0318465665618043,False,False,0.0,,,,,,,,,,,,,,,04,POINT (9.370498 41.600473)
S2A_MSIL1C_20220428T100601_N0400_R022_T32TNM_20220509T093033;9.288404000;41.5971950,S2A_MSIL1C_20220428T100601_N0400_R022_T32TNM_20220509T093033,41.597195,9.288404,2022-04-28 10:19:21.454 UTC,0.07,205.21014298575625,24.1,0.788,0.8120283484,0.0401451432812274,False,False,0.0,,,,,,,,,,,,,,,04,POINT (9.288404 41.597195)
S2A_MSIL1C_20220418T100601_N0400_R022_T32TNL_20220418T123130;9.189564000;41.3623050,S2A_MSIL1C_20220418T100601_N0400_R022_T32TNL_20220418T123130,41.362305,9.189564,2022-04-18 10:19:33.894 UTC,1.74,85.94366926962348,27.0,0.865,0.0819407851,0.0298027479282889,False,False,0.0,,,,,,,,,,,,,,,04,POINT (9.189564 41.362305)
S2A_MSIL1C_20220418T100601_N0400_R022_T32TNL_20220418T123130;9.138321000;41.3850780,S2A_MSIL1C_20220418T100601_N0400_R022_T32TNL_20220418T123130,41.385078,9.138321,2022-04-18 10:19:33.894 UTC,4.83,281.9864875332865,30.6,0.878,0.0509537086,0.0026640772478454,False,False,0.0001090882770509,0.004048672817699,0.0523064233374855,247381530.0,41.389156666666665,41.382023333333336,9.160551666666665,9.145336666666669,2.200000047683716,2.0,279.5,68.19999694824219,2022-04-18 10:09:40 UTC,2022-04-18 10:24:43 UTC,15.68150250383488,04,POINT (9.138321 41.385078)
S2B_MSIL1C_20220416T101559_N0400_R065_T32TNL_20220416T160249;9.247399000;41.3537280,S2B_MSIL1C_20220416T101559_N0400_R065_T32TNL_20220416T160249,41.353728,9.247399,2022-04-16 10:29:21.635 UTC,13.88,33.804509912718565,34.8,0.884,0.0320724845,0.008380315667387,False,False,0.0,,,,,,,,,,,,,,,04,POINT (9.247399 41.353728)
S2B_MSIL1C_20220416T101559_N0400_R065_T32TNM_20220416T160249;9.366221000;41.5867050,S2B_MSIL1C_20220416T101559_N0400_R065_T32TNM_20220416T160249,41.586705,9.366221,2022-04-16 10:29:07.511 UTC,16.03,219.5340878640268,28.6,0.897,0.038443815,0.0027334735066678,False,False,0.0,,,,,,,,,,,,,,,04,POINT (9.366221 41.586705)
S2A_MSIL1C_20220418T100601_N0400_R022_T32TNL_20220418T123130;9.125986000;41.3772550,S2A_MSIL1C_20220418T100601_N0400_R022_T32TNL_20220418T123130,41.377255,9.125986,2022-04-18 10:19:33.894 UTC,0.17,273.39212060632417,27.5,0.708,0.0351429433,0.0026640772478454,False,False,4.909058578245105e-05,,0.0597764734965187,376709000.0,,40.95726166666666,,7.702205,,7.099999904632568,,249.19999694824216,,2022-04-18 20:08:11 UTC,27.29298594348148,04,POINT (9.125986 41.377255)
S2B_MSIL1C_20220403T100549_N0400_R022_T32TNM_20220403T123757;9.422630000;41.7553060,S2B_MSIL1C_20220403T100549_N0400_R022_T32TNM_20220403T123757,41.755306,9.42263,2022-04-03 10:19:11.956 UTC,0.17,116.88339020668792,25.9,0.868,0.0471823178,0.0016386786608564,False,False,0.0001310363062882,,0.6866426622440285,227986950.0,41.589613333333325,,9.28393,,0.0,,216.7934923212749,,2022-04-03 04:00:13 UTC,,22.344928433367567,04,POINT (9.42263 41.755306)
S2B_MSIL1C_20220426T101549_N0400_R065_T32TNL_20220426T124513;9.179575000;41.3386310,S2B_MSIL1C_20220426T101549_N0400_R065_T32TNL_20220426T124513,41.338631,9.179575,2022-04-26 10:29:19.066 UTC,18.06,60.73352628386726,77.7,0.94,0.0420579389,0.0059827132735423,False,False,0.0,,,,,,,,,,,,,,,04,POINT (9.179575 41.338631)
S2B_MSIL1C_20220403T100549_N0400_R022_T32TNM_20220403T123757;9.370208000;41.6127240,S2B_MSIL1C_20220403T100549_N0400_R022_T32TNM_20220403T123757,41.612724,9.370208,2022-04-03 10:19:11.956 UTC,5.07,173.60621192463944,41.8,0.705,0.2571004927,0.0429057146812093,True,False,1.0739914399977632e-05,,0.4788804580975057,228037230.0,41.634615,,9.377646666666669,,26.7,,217.6,,2022-04-03 09:49:08 UTC,,27.18741668865,04,POINT (9.370208 41.612724)
S2B_MSIL1C_20220416T101559_N0400_R065_T32TNL_20220416T160249;9.161284000;41.3851380,S2B_MSIL1C_20220416T101559_N0400_R065_T32TNL_20220416T160249,41.385138,9.161284,2022-04-16 10:29:21.635 UTC,0.43,252.1926821864837,27.4,0.826,0.034309946,0.0598993861981633,False,False,0.0614755861405774,,0.8214130638286352,211229580.0,41.38635666666666,41.38972,9.140411666666669,9.162181666666669,6.199999809265137,1.100000023841858,93.9000015258789,240.0,2022-04-16 10:20:40 UTC,2022-04-16 10:44:59 UTC,20.07604085310406,04,POINT (9.161284 41.385138)
S2A_MSIL1C_20220428T100601_N0400_R022_T32TNM_20220509T093033;9.287677000;41.5955760,S2A_MSIL1C_20220428T100601_N0400_R022_T32TNM_20220509T093033,41.595576,9.287677,2022-04-28 10:19:21.454 UTC,0.29,14.896902673401405,23.700000000000003,0.684,0.8078094125,0.0401451432812274,False,False,0.0,,,,,,,,,,,,,,,04,POINT (9.287677 41.595576)
S2A_MSIL1C_20220428T100601_N0400_R022_T32TNM_20220509T093033;9.370327000;41.6125430,S2A_MSIL1C_20220428T100601_N0400_R022_T32TNM_20220509T093033,41.612543,9.370327,2022-04-28 10:19:21.454 UTC,7.88,178.18987428568602,41.3,0.455,0.2952495515,0.0149821709409266,True,False,0.0,,,,,,,,,,,,,,,04,POINT (9.370327 41.612543)
S2A_MSIL1C_20220411T101601_N0400_R065_T32TNM_20220411T124038;9.519073000;41.4825320,S2A_MSIL1C_20220411T101601_N0400_R065_T32TNM_20220411T124038,41.482532,9.519073,2022-04-11 10:29:13.474 UTC,0.44,42.97183463481174,19.9,0.443,0.122622937,0.0239767883159485,False,False,6.631482932854147e-05,,0.4619090313482294,227417250.0,41.385638333333326,,9.143326666666665,,4.699999809265137,,73.0,,2022-04-11 06:58:50 UTC,,14.987380785192538,04,POINT (9.519073 41.482532)
S2A_MSIL1C_20220428T100601_N0400_R022_T32TNM_20220509T093033;9.287532000;41.5899920,S2A_MSIL1C_20220428T100601_N0400_R022_T32TNM_20220509T093033,41.589992,9.287532,2022-04-28 10:19:21.454 UTC,1.25,229.2743703812508,23.2,0.519,0.4360810518,0.0401451432812274,False,False,0.0070697116475489,,0.4631095986001876,227609040.0,41.59107,41.59107333333333,9.284628333333332,9.284705,0.0,0.0,336.7,297.0,2022-04-28 07:11:40 UTC,2022-04-28 12:04:35 UTC,16.623468287229723,04,POINT (9.287532 41.589992)
S2B_MSIL1C_20220416T101559_N0400_R065_T32TNM_20220416T160249;9.309300000;41.6257840,S2B_MSIL1C_20220416T101559_N0400_R065_T32TNM_20220416T160249,41.625784,9.3093,2022-04-16 10:29:07.511 UTC,0.93,315.2180396508743,24.9,0.415,0.3459046185,0.0186732677243124,False,False,1.8344760759655476e-05,,0.1488986101265962,703725582.0,42.81325666666666,,10.34298,,14.300000190734863,,217.19999694824216,,2022-04-16 04:31:00 UTC,,,04,POINT (9.3093 41.625784)
S2A_MSIL1C_20220408T100601_N0400_R022_T32TNL_20220408T122238;9.180666000;41.3009770,S2A_MSIL1C_20220408T100601_N0400_R022_T32TNL_20220408T122238,41.300977,9.180666,2022-04-08 10:19:30.844 UTC,9.05,171.31438074411616,52.7,0.92,0.0349723883,0.0050692522486586,False,False,1.037407766533951e-05,,0.6091293133959383,247369472.0,,43.572345,,10.311033333333333,,32.0,,17.6,,2022-04-08 15:02:15 UTC,,04,POINT (9.180666 41.300977)
S2A_MSIL1C_20220428T100601_N0400_R022_T32TNL_20220509T093033;9.244010000;41.3424760,S2A_MSIL1C_20220428T100601_N0400_R022_T32TNL_20220509T093033,41.342476,9.24401,2022-04-28 10:19:35.107 UTC,3.4,19.48056503444799,23.5,0.836,0.0343047641,0.0279046590499897,False,False,0.000119924692809,,0.6027761834185207,227630560.0,41.338766666666665,41.33876833333333,9.251436666666665,9.251311666666666,0.6000000238418579,0.1000000014901161,243.0,243.0,2022-04-28 10:06:54 UTC,2022-04-28 10:23:30 UTC,15.096960445081812,04,POINT (9.24401 41.342476)
S2B_MSIL1C_20220413T100549_N0400_R022_T32TNM_20220413T123516;9.309402000;41.6221810,S2B_MSIL1C_20220413T100549_N0400_R022_T32TNM_20220413T123516,41.622181,9.309402,2022-04-13 10:19:11.702 UTC,0.5,151.83381570966816,22.4,0.763,0.8654125929,0.0392663003969663,False,False,0.0,,,,,,,,,,,,,,,04,POINT (9.309402 41.622181)
S2A_MSIL1C_20220411T101601_N0400_R065_T32TNL_20220411T124038;9.169381000;41.3710740,S2A_MSIL1C_20220411T101601_N0400_R065_T32TNL_20220411T124038,41.371074,9.169381,2022-04-11 10:29:27.615 UTC,7.96,142.09353319244417,27.6,0.925,0.0516949259,0.0628706700985121,False,False,0.0001324278585325,,0.274536188018708,227973430.0,41.389541666666666,41.38959666666666,9.159861666666666,9.159805,0.0,0.1000000014901161,204.3000030517578,40.299999237060554,2022-04-11 09:55:27 UTC,2022-04-11 17:31:27 UTC,21.188935839484785,04,POINT (9.169381 41.371074)
S2A_MSIL1C_20220411T101601_N0400_R065_T32TNM_20220411T124038;9.287677000;41.5956660,S2A_MSIL1C_20220411T101601_N0400_R065_T32TNM_20220411T124038,41.595666,9.287677,2022-04-11 10:29:13.474 UTC,0.49,21.199438419840455,27.9,0.339,0.6445706487,0.0373656029676281,False,False,0.0,,,,,,,,,,,,,,,04,POINT (9.287677 41.595666)
S2A_MSIL1C_20220418T100601_N0400_R022_T32TNM_20220418T123130;9.309523000;41.6222710,S2A_MSIL1C_20220418T100601_N0400_R022_T32TNM_20220418T123130,41.622271,9.309523,2022-04-18 10:19:19.859 UTC,0.77,334.69860468532227,22.7,0.779,0.8243378401,0.0296061615747195,False,False,0.0,,,,,,,,,,,,,,,04,POINT (9.309523 41.622271)
S2A_MSIL1C_20220428T100601_N0400_R022_T32TNM_20220509T093033;9.289216000;41.5909780,S2A_MSIL1C_20220428T100601_N0400_R022_T32TNM_20220509T093033,41.590978,9.289216,2022-04-28 10:19:21.454 UTC,0.43,237.29577951308232,23.5,0.351,0.3802028596,0.0401451432812274,False,False,0.0,,,,,,,,,,,,,,,04,POINT (9.289216 41.590978)
S2B_MSIL1C_20220416T101559_N0400_R065_T32TNM_20220416T160249;9.370736000;41.6000220,S2B_MSIL1C_20220416T101559_N0400_R065_T32TNM_20220416T160249,41.600022,9.370736,2022-04-16 10:29:07.511 UTC,1.9,312.3532506752202,50.9,0.431,0.3543296754,0.0076666104311516,False,False,0.0,,,,,,,,,,,,,,,04,POINT (9.370736 41.600022)
S2B_MSIL1C_20220416T101559_N0400_R065_T32TNL_20220416T160249;9.391334000;41.5334790,S2B_MSIL1C_20220416T101559_N0400_R065_T32TNL_20220416T160249,41.533479,9.391334,2022-04-16 10:29:21.635 UTC,0.45,182.86478897565408,23.700000000000003,0.924,0.035335172,0.0005946519179271,False,False,6.142756755139795e-06,,0.1365363259642424,227609040.0,41.59042166666666,41.59105666666667,9.286401666666666,9.284608333333333,7.5,0.1000000014901161,242.2,329.6000061035156,2022-04-16 08:25:40 UTC,2022-04-16 15:17:49 UTC,16.623468287229723,04,POINT (9.391334 41.533479)
S2B_MSIL1C_20220416T101559_N0400_R065_T32TNL_20220416T160249;9.156379000;41.3845140,S2B_MSIL1C_20220416T101559_N0400_R065_T32TNL_20220416T160249,41.384514,9.156379,2022-04-16 10:29:21.635 UTC,0.69,76.7763445475303,27.3,0.847,0.0409247689,0.0598993861981633,False,False,0.0099589857808989,,0.4635488450762157,227893220.0,41.38798166666666,41.38457,9.142625,9.16247833333333,0.3,3.5,97.14714584039815,75.5999984741211,2022-04-16 10:18:37.63 UTC,2022-04-16 10:32:41 UTC,17.863841925221543,04,POINT (9.156379 41.384514)
S2B_MSIL1C_20220416T101559_N0400_R065_T32TNL_20220416T160249;9.412738000;41.5062920,S2B_MSIL1C_20220416T101559_N0400_R065_T32TNL_20220416T160249,41.506292,9.412738,2022-04-16 10:29:21.635 UTC,1.47,292.87268564077215,24.0,0.906,0.0368868113,0.0007393356723838,False,False,0.0,,,,,,,,,,,,,,,04,POINT (9.412738 41.506292)
S2B_MSIL1C_20220426T101549_N0400_R065_T32TNL_20220426T124513;9.307520000;41.4531170,S2B_MSIL1C_20220426T101549_N0400_R065_T32TNL_20220426T124513,41.453117,9.30752,2022-04-26 10:29:19.066 UTC,1.43,9.167324722093172,17.4,0.615,0.2001480311,0.0113697909673541,False,False,4.652758950174799e-06,,0.1079829900974035,227417250.0,41.474888333333325,,9.0735,,0.0,,182.8000030517578,,2022-04-26 05:28:09 UTC,,14.987380785192538,04,POINT (9.30752 41.453117)
S2A_MSIL1C_20220411T101601_N0400_R065_T32TNM_20220411T124038;9.288407000;41.5977360,S2A_MSIL1C_20220411T101601_N0400_R065_T32TNM_20220411T124038,41.597736,9.288407,2022-04-11 10:29:13.474 UTC,0.29,181.14591559026164,25.5,0.332,0.9340118766,0.0373656029676281,False,False,0.0,,,,,,,,,,,,,,,04,POINT (9.288407 41.597736)
S2A_MSIL1C_20220428T100601_N0400_R022_T32TNM_20220509T093033;9.309777000;41.6251520,S2A_MSIL1C_20220428T100601_N0400_R022_T32TNM_20220509T093033,41.625152,9.309777,2022-04-28 10:19:21.454 UTC,0.83,311.7802928800893,24.6,0.338,0.532828629,0.046247403356106,False,False,0.0,,,,,,,,,,,,,,,04,POINT (9.309777 41.625152)
S2A_MSIL1C_20220411T101601_N0400_R065_T32TNM_20220411T124038;9.288397000;41.5956640,S2A_MSIL1C_20220411T101601_N0400_R065_T32TNM_20220411T124038,41.595664,9.288397,2022-04-11 10:29:13.474 UTC,0.16,200.0535228295788,27.4,0.858,0.7514310479,0.0373656029676281,False,False,0.0,,,,,,,,,,,,,,,04,POINT (9.288397 41.595664)
S2A_MSIL1C_20220418T100601_N0400_R022_T32TNM_20220418T123130;9.437322000;41.5624970,S2A_MSIL1C_20220418T100601_N0400_R022_T32TNM_20220418T123130,41.562497,9.437322,2022-04-18 10:19:19.859 UTC,1.68,264.224795884231,20.7,0.366,0.1301989853,0.0172556811331551,False,False,2.5579867035431177e-05,,0.1849192391503595,540596556.0,42.92395,,10.03695,,11.699999809265137,,195.0,,2022-04-18 02:44:44 UTC,,,04,POINT (9.437322 41.562497)
S2A_MSIL1C_20220401T101601_N0400_R065_T32TNM_20220401T122746;9.566450000;41.6682190,S2A_MSIL1C_20220401T101601_N0400_R065_T32TNM_20220401T122746,41.668219,9.56645,2022-04-01 10:29:13.577 UTC,10.72,215.52338329811104,67.0,0.528,0.4684129059,0.9990428997397828,False,False,6.150511240561016e-07,,0.3690006218672233,211265530.0,43.733865,,9.789058333333331,,14.1,,193.8,,2022-04-01 01:08:09 UTC,,97.74186217967743,04,POINT (9.56645 41.668219)
S2B_MSIL1C_20220423T100549_N0400_R022_T32TNL_20220423T122947;9.382975000;41.5390020,S2B_MSIL1C_20220423T100549_N0400_R022_T32TNL_20220423T122947,41.539002,9.382975,2022-04-23 10:19:24.342 UTC,0.84,323.8124065778366,23.3,0.8,0.0989265218,0.0402138231785149,False,False,2.109232038401621e-05,,0.1389890774171025,477265920.0,,43.29418166666667,,9.680348333333333,,22.0,,8.6,,2022-04-23 14:56:27 UTC,,04,POINT (9.382975 41.539002)
S2A_MSIL1C_20220418T100601_N0400_R022_T32TNL_20220418T123130;9.230320000;41.4261850,S2A_MSIL1C_20220418T100601_N0400_R022_T32TNL_20220418T123130,41.426185,9.23032,2022-04-18 10:19:33.894 UTC,2.6,93.39212060632417,30.5,0.729,0.3436742723,0.030864453573225,False,False,0.0,,,,,,,,,,,,,,,04,POINT (9.23032 41.426185)
S2A_MSIL1C_20220428T100601_N0400_R022_T32TNM_20220509T093033;9.309403000;41.6223610,S2A_MSIL1C_20220428T100601_N0400_R022_T32TNM_20220509T093033,41.622361,9.309403,2022-04-28 10:19:21.454 UTC,0.38,144.95832216809828,21.8,0.743,0.8329232931,0.0361459484560675,False,False,0.0,,,,,,,,,,,,,,,04,POINT (9.309403 41.622361)
S2B_MSIL1C_20220416T101559_N0400_R065_T32TNL_20220416T160249;9.114437000;41.3379040,S2B_MSIL1C_20220416T101559_N0400_R065_T32TNL_20220416T160249,41.337904,9.114437,2022-04-16 10:29:21.635 UTC,2.13,122.04001036286536,21.8,0.76,0.1635807008,0.0038386823769443,False,False,0.0,,,,,,,,,,,,,,,04,POINT (9.114437 41.337904)
S2A_MSIL1C_20220428T100601_N0400_R022_T32TNM_20220509T093033;9.289826000;41.5931380,S2A_MSIL1C_20220428T100601_N0400_R022_T32TNM_20220509T093033,41.593138,9.289826,2022-04-28 10:19:21.454 UTC,0.36,56.14986392282068,25.3,0.775,0.6693626642,0.0401451432812274,False,False,0.5909943879867362,,0.908599463158832,228384800.0,41.59292166666666,41.592905,9.289866666666665,9.289875,0.3000000119209289,0.2,167.4,129.8717881090934,2022-04-28 10:11:36 UTC,2022-04-28 10:29:31 UTC,38.951274434582814,04,POINT (9.289826 41.593138)
S2A_MSIL1C_20220411T101601_N0400_R065_T32TNM_20220411T124038;9.290420000;41.5918760,S2A_MSIL1C_20220411T101601_N0400_R065_T32TNM_20220411T124038,41.591876,9.29042,2022-04-11 10:29:13.474 UTC,0.62,6.875493541569878,22.0,0.804,0.8807334304,0.0373656029676281,False,False,4.9732531581530445e-06,,0.0529633604030721,792779080.0,,42.954793333333335,,10.036745,,20.899999618530277,,15.899999618530272,,2022-04-11 14:55:26 UTC,,04,POINT (9.29042 41.591876)
S2B_MSIL1C_20220423T100549_N0400_R022_T32TNM_20220423T122947;9.338330000;41.5299540,S2B_MSIL1C_20220423T100549_N0400_R022_T32TNM_20220423T122947,41.529954,9.33833,2022-04-23 10:19:09.656 UTC,0.18,32.0856365273261,26.5,0.673,0.0713469461,0.0988368257142772,False,False,1.088315499438414e-05,,0.0539946078083335,227609040.0,41.59068333333333,41.59106333333333,9.292606666666666,9.28461833333333,0.3,0.0,69.0,331.9,2022-04-23 06:01:18.36 UTC,2022-04-23 15:44:46 UTC,16.623468287229723,04,POINT (9.33833 41.529954)
S2A_MSIL1C_20220428T100601_N0400_R022_T32TNM_20220509T093033;9.353299000;41.5712530,S2A_MSIL1C_20220428T100601_N0400_R022_T32TNM_20220509T093033,41.571253,9.353299,2022-04-28 10:19:21.454 UTC,1.81,229.2743703812508,20.0,0.5,0.4168552756,0.0386157961597695,False,False,7.1369427027348844e-06,,0.1049034418016386,211635620.0,,41.23698666666667,,9.195273333333331,,0.0,,27.200000762939453,,2022-04-28 18:40:47 UTC,15.183594425851352,04,POINT (9.353299 41.571253)
S2A_MSIL1C_20220411T101601_N0400_R065_T32TNM_20220411T124038;9.309404000;41.6225410,S2A_MSIL1C_20220411T101601_N0400_R065_T32TNM_20220411T124038,41.622541,9.309404,2022-04-11 10:29:13.474 UTC,0.84,326.1042377583599,21.6,0.559,0.8656780124,0.0168116121935225,False,False,2.5502544448014447e-05,,0.2946235778312515,247065940.0,,42.02934,,10.193553333333334,,7.9,,58.0,,2022-04-11 15:57:29.37 UTC,14.7,04,POINT (9.309404 41.622541)
S2B_MSIL1C_20220423T100549_N0400_R022_T32TNM_20220423T122947;9.319533000;41.5343320,S2B_MSIL1C_20220423T100549_N0400_R022_T32TNM_20220423T122947,41.534332,9.319533,2022-04-23 10:19:09.656 UTC,0.05,63.598315259521385,117.3,0.907,0.1616407484,0.1601084319176445,False,False,5.8083772687679724,,0.9999970310797806,373541000.0,41.534128333333335,41.53412,9.319003333333333,9.319018333333334,0.1000000014901161,0.3000000119209289,175.10000610351562,246.8999938964844,2022-04-23 10:04:09 UTC,2022-04-23 10:22:05 UTC,162.7361366188968,04,POINT (9.319533 41.534332)
S2B_MSIL1C_20220416T101559_N0400_R065_T32TNL_20220416T160249;9.149212000;41.3885770,S2B_MSIL1C_20220416T101559_N0400_R065_T32TNL_20220416T160249,41.388577,9.149212,2022-04-16 10:29:21.635 UTC,0.25,238.441695103344,28.700000000000003,0.695,0.9369114041,0.0054845152532546,False,False,4.062942136470146e-05,,0.0185445061109586,232029044.0,41.388801666666666,41.388846666666666,9.15994833333333,9.159933333333331,0.0,0.0,345.9594405556669,231.73223965253885,2022-04-16 09:48:28 UTC,2022-04-16 10:31:06 UTC,29.060429897796425,04,POINT (9.149212 41.388577)
S2A_MSIL1C_20220418T100601_N0400_R022_T32TNL_20220418T123130;9.141673000;41.3868750,S2A_MSIL1C_20220418T100601_N0400_R022_T32TNL_20220418T123130,41.386875,9.141673,2022-04-18 10:19:33.894 UTC,0.43,190.3132403123548,25.1,0.721,0.4430764616,0.0026640772478454,False,False,0.0145387170009387,0.045123355265697,0.6674192553016286,232024391.0,41.389138333333335,41.38501166666666,9.1597,9.11600166666667,5.400000095367432,11.899999618530272,272.8999938964844,268.0,2022-04-18 10:09:35 UTC,2022-04-18 10:26:06 UTC,,04,POINT (9.141673 41.386875)
S2B_MSIL1C_20220423T100549_N0400_R022_T32TNM_20220423T122947;9.415387000;41.7139900,S2B_MSIL1C_20220423T100549_N0400_R022_T32TNM_20220423T122947,41.71399,9.415387,2022-04-23 10:19:09.656 UTC,0.63,239.58761069360563,22.0,0.826,0.2484729439,0.1602781098673283,False,False,5.57389995338018e-06,,0.1669677945776446,246705936.0,,43.409486666666666,,10.19004,,12.699999809265137,,12.0,,2022-04-23 18:50:28 UTC,,04,POINT (9.415387 41.71399)
S2A_MSIL1C_20220418T100601_N0400_R022_T32TNL_20220418T123130;9.117038000;41.3886140,S2A_MSIL1C_20220418T100601_N0400_R022_T32TNL_20220418T123130,41.388614,9.117038,2022-04-18 10:19:33.894 UTC,5.39,94.53803619658582,26.5,0.898,0.097679697,0.0402036359849155,False,False,0.0,,,,,,,,,,,,,,,04,POINT (9.117038 41.388614)
S2B_MSIL1C_20220416T101559_N0400_R065_T32TNL_20220416T160249;9.195160000;41.3544590,S2B_MSIL1C_20220416T101559_N0400_R065_T32TNL_20220416T160249,41.354459,9.19516,2022-04-16 10:29:21.635 UTC,7.97,294.0186012310338,32.0,0.878,0.0380583219,0.0047801087071761,False,False,0.0,,,,,,,,,,,,,,,04,POINT (9.19516 41.354459)
S2B_MSIL1C_20220426T101549_N0400_R065_T32TNL_20220426T124513;9.271290000;41.4069100,S2B_MSIL1C_20220426T101549_N0400_R065_T32TNL_20220426T124513,41.40691,9.27129,2022-04-26 10:29:19.066 UTC,3.01,117.45634800181875,28.9,0.832,0.0520381369,0.0115643953844451,False,False,0.0,,,,,,,,,,,,,,,04,POINT (9.27129 41.40691)
S2A_MSIL1C_20220428T100601_N0400_R022_T32TNM_20220509T093033;9.371420000;41.5938040,S2A_MSIL1C_20220428T100601_N0400_R022_T32TNM_20220509T093033,41.593804,9.37142,2022-04-28 10:19:21.454 UTC,5.21,354.7521275149011,27.7,0.85,0.1817219555,0.0107589547954636,False,False,0.0,,,,,,,,,,,,,,,04,POINT (9.37142 41.593804)
S2B_MSIL1C_20220416T101559_N0400_R065_T32TML_20220416T160249;9.071449000;41.3727980,S2B_MSIL1C_20220416T101559_N0400_R065_T32TML_20220416T160249,41.372798,9.071449,2022-04-16 10:29:25.954 UTC,0.62,313.49916626548173,22.7,0.753,0.071428299,0.0032662364265538,False,False,8.204972394859411e-07,,0.0092616418460252,247381120.0,41.03367,,9.524415,,0.1000000014901161,,161.22099083438218,,2022-04-16 03:29:34 UTC,,18.17566039416579,04,POINT (9.071449 41.372798)
S2A_MSIL1C_20220411T101601_N0400_R065_T32TML_20220411T124038;9.075543000;41.3972060,S2A_MSIL1C_20220411T101601_N0400_R065_T32TML_20220411T124038,41.397206,9.075543,2022-04-11 10:29:31.926 UTC,2.41,8.594366926962348,30.0,0.896,0.0364690796,0.0552593253851598,False,False,0.751895287700234,,0.9999662079997176,227924030.0,41.38249666666666,41.399518333333326,9.09732,9.07541,5.400000095367432,7.099999904632568,286.5,7.5,2022-04-11 10:12:37 UTC,2022-04-11 10:30:35 UTC,22.880281184175,04,POINT (9.075543 41.397206)
S2B_MSIL1C_20220426T101549_N0400_R065_T32TNL_20220426T124513;9.179736000;41.3100760,S2B_MSIL1C_20220426T101549_N0400_R065_T32TNL_20220426T124513,41.310076,9.179736,2022-04-26 10:29:19.066 UTC,1.25,48.12845479098915,22.4,0.697,0.2149022669,0.0057104611328877,False,False,0.0,,,,,,,,,,,,,,,04,POINT (9.179736 41.310076)
S2A_MSIL1C_20220418T100601_N0400_R022_T32TNM_20220418T123130;9.331920000;41.5422230,S2A_MSIL1C_20220418T100601_N0400_R022_T32TNM_20220418T123130,41.542223,9.33192,2022-04-18 10:19:19.859 UTC,0.98,192.0321136977473,20.9,0.351,0.2185733765,0.0100070100551468,False,False,7.769088448868875e-06,,0.1154023600484651,247272036.0,,43.05852,,10.086516666666666,,20.299999237060547,,15.600000381469728,,2022-04-18 15:20:07 UTC,,04,POINT (9.33192 41.542223)
S2A_MSIL1C_20220411T101601_N0400_R065_T32TNM_20220411T124038;9.491688000;41.6149700,S2A_MSIL1C_20220411T101601_N0400_R065_T32TNM_20220411T124038,41.61497,9.491688,2022-04-11 10:29:13.474 UTC,1.16,12.032113697747288,19.1,0.433,0.0950252712,0.0139677839578885,False,False,7.228256251610815e-06,,0.0754327314576989,247273729.0,,42.90441,,10.016825,,20.9,,16.2,,2022-04-11 14:46:25 UTC,,04,POINT (9.491688 41.61497)
S2B_MSIL1C_20220426T101549_N0400_R065_T32TNL_20220426T124513;9.221734000;41.3646800,S2B_MSIL1C_20220426T101549_N0400_R065_T32TNL_20220426T124513,41.36468,9.221734,2022-04-26 10:29:19.066 UTC,2.21,271.6732472209317,27.4,0.764,0.1271791607,0.0319228067452339,False,False,2.365985628429628e-05,,0.0955608997039789,247381090.0,41.38879666666666,41.389516666666665,9.160393333333332,9.153983333333331,0.2000000029802322,4.199999809265137,275.70001220703125,275.70001220703125,2022-04-26 09:52:17 UTC,2022-04-26 11:25:41 UTC,18.847641202382352,04,POINT (9.221734 41.36468)
S2A_MSIL1C_20220418T100601_N0400_R022_T32TNM_20220418T123130;9.551411000;41.7217940,S2A_MSIL1C_20220418T100601_N0400_R022_T32TNM_20220418T123130,41.721794,9.551411,2022-04-18 10:19:19.859 UTC,0.96,243.59831525952137,21.7,0.451,0.1930982023,0.0082647457038607,False,False,0.0,,,,,,,,,,,,,,,04,POINT (9.551411 41.721794)
S2A_MSIL1C_20220418T100601_N0400_R022_T32TNL_20220418T123130;9.314758000;41.3403230,S2A_MSIL1C_20220418T100601_N0400_R022_T32TNL_20220418T123130,41.340323,9.314758,2022-04-18 10:19:33.894 UTC,2.64,80.21409131831523,20.4,0.391,0.0834896266,0.0071530219185389,False,False,0.0,,,,,,,,,,,,,,,04,POINT (9.314758 41.340323)
S2B_MSIL1C_20220423T100549_N0400_R022_T32TNL_20220423T122947;9.273630000;41.4514910,S2B_MSIL1C_20220423T100549_N0400_R022_T32TNL_20220423T122947,41.451491,9.27363,2022-04-23 10:19:24.342 UTC,2.2,98.5487407625016,17.1,0.633,0.4292494953,0.2196545539178186,False,False,1.185315155842516e-05,,0.2206286090757775,227609040.0,41.59068333333333,41.59106333333333,9.292606666666666,9.28461833333333,0.3,0.0,69.0,331.9,2022-04-23 06:01:18.36 UTC,2022-04-23 15:44:46 UTC,16.623468287229723,04,POINT (9.27363 41.451491)
S2B_MSIL1C_20220426T101549_N0400_R065_T32TNL_20220426T124513;9.508222000;41.5347340,S2B_MSIL1C_20220426T101549_N0400_R065_T32TNL_20220426T124513,41.534734,9.508222,2022-04-26 10:29:19.066 UTC,4.79,208.07493196141036,36.2,0.798,0.0537866838,0.0112401100689966,False,False,2.203366176672704e-05,,0.6977556969500186,246892184.0,,42.92055,,10.56635,,14.5,,31.0,,2022-04-26 16:45:47 UTC,,04,POINT (9.508222 41.534734)
S2B_MSIL1C_20220413T100549_N0400_R022_T32TNL_20220413T123516;9.125305000;41.3962620,S2B_MSIL1C_20220413T100549_N0400_R022_T32TNL_20220413T123516,41.396262,9.125305,2022-04-13 10:19:26.394 UTC,12.57,188.59436692696235,36.2,0.886,0.0325317979,0.0626907887838924,False,False,5.032842916869156e-05,,0.4717851423698765,227973430.0,41.389625,41.389635,9.159801666666665,9.159833333333331,0.1000000014901161,0.1000000014901161,186.3999938964844,202.3999938964844,2022-04-13 06:19:27 UTC,2022-04-13 14:43:27 UTC,21.188935839484785,04,POINT (9.125305 41.396262)
S2B_MSIL1C_20220426T101549_N0400_R065_T32TNL_20220426T124513;9.267044000;41.3049530,S2B_MSIL1C_20220426T101549_N0400_R065_T32TNL_20220426T124513,41.304953,9.267044,2022-04-26 10:29:19.066 UTC,4.35,133.49916626548182,25.1,0.906,0.0322369076,0.0012123729620251,False,False,0.0001446679120959,,0.2352144362232464,247249744.0,,41.833458333333326,,10.899645,,23.299999237060547,,67.0999984741211,,2022-04-26 13:56:42 UTC,,04,POINT (9.267044 41.304953)
S2A_MSIL1C_20220411T101601_N0400_R065_T32TNM_20220411T124038;9.324945000;41.6097080,S2A_MSIL1C_20220411T101601_N0400_R065_T32TNM_20220411T124038,41.609708,9.324945,2022-04-11 10:29:13.474 UTC,1.53,74.48451336700703,27.8,0.863,0.0922010913,0.036412066212099,False,False,0.0,,,,,,,,,,,,,,,04,POINT (9.324945 41.609708)
S2A_MSIL1C_20220418T100601_N0400_R022_T32TNM_20220418T123130;9.309418000;41.6255130,S2A_MSIL1C_20220418T100601_N0400_R022_T32TNM_20220418T123130,41.625513,9.309418,2022-04-18 10:19:19.859 UTC,0.96,318.65578642165923,27.3,0.506,0.3868611455,0.0476300126160373,False,False,5.488074802232253e-06,,0.0911162247921449,227003350.0,,41.387861666666666,,9.147986666666666,,11.199999809265137,,235.69999694824216,,2022-04-18 16:59:03 UTC,26.2990091636,04,POINT (9.309418 41.625513)
S2A_MSIL1C_20220401T101601_N0400_R065_T32TNL_20220401T122746;9.341621000;41.4032990,S2A_MSIL1C_20220401T101601_N0400_R065_T32TNL_20220401T122746,41.403299,9.341621,2022-04-01 10:29:27.678 UTC,5.99,342.147056022023,41.2,0.798,0.0303034279,0.0207971415140776,False,False,7.807969405186771e-06,,0.5626517278034212,341654256.0,,41.46889,,9.409866666666666,,6.599999904632568,,257.0,,2022-04-01 11:46:09 UTC,,04,POINT (9.341621 41.403299)
S2A_MSIL1C_20220418T100601_N0400_R022_T32TNL_20220418T123130;9.226114000;41.3174710,S2A_MSIL1C_20220418T100601_N0400_R022_T32TNL_20220418T123130,41.317471,9.226114,2022-04-18 10:19:33.894 UTC,3.53,310.6343772898277,21.6,0.911,0.0285611544,0.0061622879854576,False,False,6.949537048955639e-05,,0.0856155837108825,227577780.0,,41.350503333333336,,9.197491666666666,,6.199999809265137,,308.6000061035156,,2022-04-18 14:36:14 UTC,15.260444225666667,04,POINT (9.226114 41.317471)
S2B_MSIL1C_20220416T101559_N0400_R065_T32TNM_20220416T160249;9.308894000;41.4902240,S2B_MSIL1C_20220416T101559_N0400_R065_T32TNM_20220416T160249,41.490224,9.308894,2022-04-16 10:29:07.511 UTC,13.98,243.02535746439057,47.7,0.935,0.028048357,0.0054029086324161,False,False,5.617200009593701e-06,,0.1642858867998177,235101646.0,41.38746,,9.11304,,4.099999904632568,,44.400001525878906,,2022-04-16 03:35:44 UTC,,,04,POINT (9.308894 41.490224)
S2A_MSIL1C_20220401T101601_N0400_R065_T32TNM_20220401T122746;9.304672000;41.4842010,S2A_MSIL1C_20220401T101601_N0400_R065_T32TNM_20220401T122746,41.484201,9.304672,2022-04-01 10:29:13.577 UTC,0.38,295.7374746164263,17.8,0.465,0.1286932975,0.0284796001333309,False,False,1.7166911984188476e-05,,0.2741703423501503,227609040.0,41.590968333333336,41.591085,9.28841,9.284613333333331,6.800000190734863,0.1000000014901161,245.3999938964844,16.0,2022-04-01 05:17:08 UTC,2022-04-01 14:37:45 UTC,16.623468287229723,04,POINT (9.304672 41.484201)
S2B_MSIL1C_20220426T101549_N0400_R065_T32TNM_20220426T124513;9.488415000;41.7537840,S2B_MSIL1C_20220426T101549_N0400_R065_T32TNM_20220426T124513,41.753784,9.488415,2022-04-26 10:29:04.902 UTC,2.27,93.965078401455,18.1,0.604,0.3702864349,0.0031820518291704,False,False,8.822970719708685e-07,,0.0600716948898339,229866060.0,43.01661166666667,43.00841333333333,9.59179,9.6475,11.5,10.899999618530272,170.3000030517578,346.5,2022-04-26 03:59:22 UTC,2022-04-26 16:59:23 UTC,,04,POINT (9.488415 41.753784)
S2A_MSIL1C_20220411T101601_N0400_R065_T32TNM_20220411T124038;9.370209000;41.6129040,S2A_MSIL1C_20220411T101601_N0400_R065_T32TNM_20220411T124038,41.612904,9.370209,2022-04-11 10:29:13.474 UTC,8.48,177.6169164905552,56.6,0.801,0.2160959244,0.0177014562888863,True,False,1.4316414754409422e-05,,0.1445154313476421,778520076.0,,42.847383333333326,,10.369316666666666,,15.199999809265137,,32.0,,2022-04-11 15:48:00 UTC,,04,POINT (9.370209 41.612904)
S2B_MSIL1C_20220426T101549_N0400_R065_T32TNL_20220426T124513;9.191823000;41.3581580,S2B_MSIL1C_20220426T101549_N0400_R065_T32TNL_20220426T124513,41.358158,9.191823,2022-04-26 10:29:19.066 UTC,4.27,111.15381225537972,28.0,0.92,0.046374809,0.0112436340950096,False,False,0.0021381640735802,0.0100190213372065,0.9316700948192932,211635620.0,41.364503333333325,41.36114,9.177911666666665,9.205825,4.099999904632568,5.099999904632568,149.5,89.19999694824217,2022-04-26 10:21:40 UTC,2022-04-26 10:37:38 UTC,15.183594425851352,04,POINT (9.191823 41.358158)
S2B_MSIL1C_20220416T101559_N0400_R065_T32TNL_20220416T160249;9.253828000;41.3470490,S2B_MSIL1C_20220416T101559_N0400_R065_T32TNL_20220416T160249,41.347049,9.253828,2022-04-16 10:29:21.635 UTC,0.56,214.9504255029802,21.5,0.513,0.7900181413,0.008380315667387,False,False,0.0,,,,,,,,,,,,,,,04,POINT (9.253828 41.347049)
S2A_MSIL1C_20220401T101601_N0400_R065_T32TNL_20220401T122746;9.245885000;41.4279540,S2A_MSIL1C_20220401T101601_N0400_R065_T32TNL_20220401T122746,41.427954,9.245885,2022-04-01 10:29:27.678 UTC,0.55,278.5487407625016,121.3,0.845,0.0331514962,0.1366746392519429,False,False,24.037885783173284,,0.9999997451040886,374071000.0,41.42805166666666,41.42803,9.246308333333332,9.246261666666669,0.1000000014901161,0.1000000014901161,254.69999694824216,292.5,2022-04-01 10:16:57 UTC,2022-04-01 10:34:55 UTC,106.35277812990292,04,POINT (9.245885 41.427954)
S2A_MSIL1C_20220411T101601_N0400_R065_T32TNL_20220411T124038;9.147416000;41.3875890,S2A_MSIL1C_20220411T101601_N0400_R065_T32TNL_20220411T124038,41.387589,9.147416,2022-04-11 10:29:27.615 UTC,1.25,217.2422566835035,30.2,0.444,0.9147461057,0.0871010716868387,False,False,0.0007024265312138,,0.6662880838857032,227813180.0,41.388556666666666,41.388623333333335,9.157511666666666,9.15752666666667,0.0,0.0,22.0,22.0,2022-04-11 10:16:23 UTC,2022-04-11 10:34:25 UTC,33.37404764707143,04,POINT (9.147416 41.387589)
S2A_MSIL1C_20220418T100601_N0400_R022_T32TNM_20220418T123130;9.467655000;41.6277710,S2A_MSIL1C_20220418T100601_N0400_R022_T32TNM_20220418T123130,41.627771,9.467655,2022-04-18 10:19:19.859 UTC,2.39,202.34535401010208,20.0,0.57,0.1105217487,0.0088332612824695,False,False,9.686062710656008e-05,,0.413425178247901,246523508.0,,42.82625,,10.34775,,14.699999809265137,,27.0,,2022-04-18 15:55:53 UTC,,04,POINT (9.467655 41.627771)
S2B_MSIL1C_20220413T100549_N0400_R022_T32TNM_20220413T123516;9.524651000;41.6243720,S2B_MSIL1C_20220413T100549_N0400_R022_T32TNM_20220413T123516,41.624372,9.524651,2022-04-13 10:19:11.702 UTC,3.71,336.4174780707148,30.4,0.922,0.0255969297,0.0286454169114085,False,False,44.00909392688112,0.1051469050696273,0.9999966156678456,227593840.0,41.619298333333326,41.625298333333326,9.528616666666666,9.524015,3.299999952316284,3.3,318.3999938964844,326.9,2022-04-13 10:12:25 UTC,2022-04-13 10:20:20 UTC,24.7,04,POINT (9.524651 41.624372)
S2B_MSIL1C_20220423T100549_N0400_R022_T32TNL_20220423T122947;9.384827000;41.5279170,S2B_MSIL1C_20220423T100549_N0400_R022_T32TNL_20220423T122947,41.527917,9.384827,2022-04-23 10:19:24.342 UTC,0.32,238.441695103344,25.4,0.731,0.0743346065,0.2405251990888807,False,False,0.0,,,,,,,,,,,,,,,04,POINT (9.384827 41.527917)
S2A_MSIL1C_20220418T100601_N0400_R022_T32TNL_20220418T123130;9.270689000;41.4350150,S2A_MSIL1C_20220418T100601_N0400_R022_T32TNL_20220418T123130,41.435015,9.270689,2022-04-18 10:19:33.894 UTC,0.14,135.2180396508743,19.4,0.484,0.1237446368,0.0051157118032256,False,False,0.0,,,,,,,,,,,,,,,04,POINT (9.270689 41.435015)
S2B_MSIL1C_20220416T101559_N0400_R065_T32TML_20220416T160249;9.073876000;41.4041430,S2B_MSIL1C_20220416T101559_N0400_R065_T32TML_20220416T160249,41.404143,9.073876,2022-04-16 10:29:25.954 UTC,2.35,115.7374746164263,23.9,0.783,0.0687641203,0.0020403071718924,False,False,6.79962315550879e-07,,0.0153596937124055,256493708.0,,43.560588333333335,,10.059645,,11.600000381469728,,7.5,,2022-04-16 22:02:45 UTC,,04,POINT (9.073876 41.404143)
S2A_MSIL1C_20220418T100601_N0400_R022_T32TNL_20220418T123130;9.187960000;41.3451930,S2A_MSIL1C_20220418T100601_N0400_R022_T32TNL_20220418T123130,41.345193,9.18796,2022-04-18 10:19:33.894 UTC,0.93,350.1684651538545,29.6,0.811,0.063697651,0.0029820561255447,False,False,0.0,,,,,,,,,,,,,,,04,POINT (9.18796 41.345193)
S2B_MSIL1C_20220416T101559_N0400_R065_T32TNM_20220416T160249;9.438867000;41.7020130,S2B_MSIL1C_20220416T101559_N0400_R065_T32TNM_20220416T160249,41.702013,9.438867,2022-04-16 10:29:07.511 UTC,2.63,83.07888029396936,18.3,0.55,0.1270890981,0.0074120748736614,False,False,6.53985803778233e-06,,0.1171185984850794,235065436.0,41.62873333333334,,9.378258333333331,,20.299999237060547,,46.400001525878906,,2022-04-16 07:40:49 UTC,,,04,POINT (9.438867 41.702013)
S2A_MSIL1C_20220428T100601_N0400_R022_T32TNM_20220509T093033;9.359818000;41.6003270,S2A_MSIL1C_20220428T100601_N0400_R022_T32TNM_20220509T093033,41.600327,9.359818,2022-04-28 10:19:21.454 UTC,0.41,320.37465980705167,26.8,0.759,0.1751983762,0.3486649122763635,False,False,0.0,,,,,,,,,,,,,,,04,POINT (9.359818 41.600327)
S2A_MSIL1C_20220428T100601_N0400_R022_T32TNM_20220509T093033;9.286607000;41.5977400,S2A_MSIL1C_20220428T100601_N0400_R022_T32TNM_20220509T093033,41.59774,9.286607,2022-04-28 10:19:21.454 UTC,0.38,181.71887338539247,26.200000000000003,0.581,0.7863632441,0.0401451432812274,False,False,0.0,,,,,,,,,,,,,,,04,POINT (9.286607 41.59774)
S2B_MSIL1C_20220426T101549_N0400_R065_T32TNM_20220426T124513;9.465012000;41.7110080,S2B_MSIL1C_20220426T101549_N0400_R065_T32TNM_20220426T124513,41.711008,9.465012,2022-04-26 10:29:04.902 UTC,2.65,270.52733163067006,20.9,0.564,0.158763513,0.0106047988435535,False,False,2.1989386827906437e-05,,0.241146673775365,246892184.0,,42.92055,,10.56635,,14.5,,31.0,,2022-04-26 16:45:47 UTC,,04,POINT (9.465012 41.711008)
S2A_MSIL1C_20220418T100601_N0400_R022_T32TNL_20220418T123130;9.147775000;41.3874980,S2A_MSIL1C_20220418T100601_N0400_R022_T32TNL_20220418T123130,41.387498,9.147775,2022-04-18 10:19:33.894 UTC,0.75,55.576906127689846,29.0,0.778,0.9285709858,0.0026640772478454,False,False,0.0014654066549991,,0.1549463547314051,227940520.0,41.3893,41.388825,9.15485,9.160835,4.199999809265137,1.7000000476837158,102.5,309.6000061035156,2022-04-18 09:46:48 UTC,2022-04-18 13:17:25 UTC,22.98559864244231,04,POINT (9.147775 41.387498)
S2B_MSIL1C_20220416T101559_N0400_R065_T32TNL_20220416T160249;9.195786000;41.3241020,S2B_MSIL1C_20220416T101559_N0400_R065_T32TNL_20220416T160249,41.324102,9.195786,2022-04-16 10:29:21.635 UTC,1.15,296.3104324115571,27.0,0.657,0.0439025387,0.004178161900787,False,False,1.831199175617482,,0.935438268272015,972602803.0,,41.328855,,9.187833333333332,,5.800000190734863,,307.1000061035156,,2022-04-16 10:34:06 UTC,,04,POINT (9.195786 41.324102)
S2B_MSIL1C_20220413T100549_N0400_R022_T32TNL_20220413T123516;9.372406000;41.3681640,S2B_MSIL1C_20220413T100549_N0400_R022_T32TNL_20220413T123516,41.368164,9.372406,2022-04-13 10:19:26.394 UTC,16.28,185.72957795130824,145.9,0.733,0.2396249026,0.834440432185402,False,False,2.504776531270783e-05,,0.2055382429250547,247273729.0,,42.94699666666666,,10.038688333333331,,21.0,,15.0,,2022-04-13 15:13:16 UTC,,04,POINT (9.372406 41.368164)
S2A_MSIL1C_20220428T100601_N0400_R022_T32TNM_20220509T093033;9.288381000;41.5919710,S2A_MSIL1C_20220428T100601_N0400_R022_T32TNM_20220509T093033,41.591971,9.288381,2022-04-28 10:19:21.454 UTC,0.18,214.3774677078494,27.8,0.827,0.583778441,0.0401451432812274,False,False,1.1666010130343133e-06,,0.0020973500518412,227184000.0,41.58832,41.588318333333326,9.292418333333332,9.292416666666666,0.0,0.0,69.5,40.400001525878906,2022-04-28 10:05:37 UTC,2022-04-28 10:20:40 UTC,127.83213503149808,04,POINT (9.288381 41.591971)
S2B_MSIL1C_20220426T101549_N0400_R065_T32TNM_20220426T124513;9.304380000;41.6006670,S2B_MSIL1C_20220426T101549_N0400_R065_T32TNM_20220426T124513,41.600667,9.30438,2022-04-26 10:29:04.902 UTC,0.19,3.437746770784939,18.6,0.808,0.208242178,0.0541302945534564,False,False,0.000335246127195,,0.6401837218698591,227609040.0,41.59107333333333,41.590498333333336,9.28462,9.28548166666667,0.5,6.300000190734863,27.8,120.3000030517578,2022-04-26 10:08:15 UTC,2022-04-26 13:36:42 UTC,16.623468287229723,04,POINT (9.30438 41.600667)
S2B_MSIL1C_20220426T101549_N0400_R065_T32TNM_20220426T124513;9.312209000;41.6067710,S2B_MSIL1C_20220426T101549_N0400_R065_T32TNM_20220426T124513,41.606771,9.312209,2022-04-26 10:29:04.902 UTC,8.55,89.95437383553923,29.8,0.896,0.1572887599,0.0278441627540822,False,False,2.062299447191743e-06,,0.0676059384074179,247281244.0,43.655953333333336,,8.951135,,11.300000190734863,,180.5,,2022-04-25 23:05:54 UTC,,,04,POINT (9.312209 41.606771)
S2A_MSIL1C_20220428T100601_N0400_R022_T32TNL_20220509T093033;9.231673000;41.3690740,S2A_MSIL1C_20220428T100601_N0400_R022_T32TNL_20220509T093033,41.369074,9.231673,2022-04-28 10:19:35.107 UTC,2.41,216.09634109324185,24.3,0.528,0.4065826833,0.0322122963481751,False,False,6.762783735370974e-05,,0.3136580000064283,228052460.0,,41.39337333333334,,9.29132833333333,,6.900000095367432,,179.6999969482422,,2022-04-28 11:44:55 UTC,23.46236818644616,04,POINT (9.231673 41.369074)
S2B_MSIL1C_20220423T100549_N0400_R022_T32TNM_20220423T122947;9.336860000;41.5468030,S2B_MSIL1C_20220423T100549_N0400_R022_T32TNM_20220423T122947,41.546803,9.33686,2022-04-23 10:19:09.656 UTC,1.46,185.72957795130824,26.200000000000003,0.791,0.1496371478,0.1920131016729434,False,False,0.0007778345643452,,0.6036047021872691,227593840.0,41.58812833333333,,9.28970666666667,,0.1,,325.0,,2022-04-23 09:00:53 UTC,,24.7,04,POINT (9.33686 41.546803)
S2A_MSIL1C_20220418T100601_N0400_R022_T32TNL_20220418T123130;9.157809000;41.3821700,S2A_MSIL1C_20220418T100601_N0400_R022_T32TNL_20220418T123130,41.38217,9.157809,2022-04-18 10:19:33.894 UTC,8.23,166.15776058793872,27.7,0.893,0.0322888047,0.081256996233849,False,False,0.0089897906959994,,0.580812123401822,211229580.0,41.384148333333336,41.363013333333335,9.153646666666667,9.147318333333331,4.300000190734863,4.0,89.5999984741211,201.8000030517578,2022-04-18 10:13:17 UTC,2022-04-18 10:30:06 UTC,20.07604085310406,04,POINT (9.157809 41.38217)
S2A_MSIL1C_20220418T100601_N0400_R022_T32TNL_20220418T123130;9.266370000;41.4326830,S2A_MSIL1C_20220418T100601_N0400_R022_T32TNL_20220418T123130,41.432683,9.26637,2022-04-18 10:19:33.894 UTC,1.72,321.52057539731334,19.8,0.349,0.2072679102,0.0129817290963315,False,False,0.0,,,,,,,,,,,,,,,04,POINT (9.26637 41.432683)
S2A_MSIL1C_20220418T100601_N0400_R022_T32TNL_20220418T123130;9.137333000;41.3703960,S2A_MSIL1C_20220418T100601_N0400_R022_T32TNL_20220418T123130,41.370396,9.137333,2022-04-18 10:19:33.894 UTC,7.52,118.6022635920804,30.3,0.889,0.0322038047,0.0026640772478454,False,False,0.0,,,,,,,,,,,,,,,04,POINT (9.137333 41.370396)
S2B_MSIL1C_20220423T100549_N0400_R022_T32TML_20220423T122947;9.072803000;41.4070260,S2B_MSIL1C_20220423T100549_N0400_R022_T32TML_20220423T122947,41.407026,9.072803,2022-04-23 10:19:27.465 UTC,11.12,145.5312799632291,27.7,0.91,0.1172077283,0.279717289253208,False,False,3.608333284811405e-05,,0.5919049156780191,246513666.0,,43.19326333333333,,10.06162,,23.200000762939453,,21.700000762939453,,2022-04-23 15:27:50 UTC,,04,POINT (9.072803 41.407026)
S2B_MSIL1C_20220416T101559_N0400_R065_T32TNL_20220416T160249;9.132230000;41.3896790,S2B_MSIL1C_20220416T101559_N0400_R065_T32TNL_20220416T160249,41.389679,9.13223,2022-04-16 10:29:21.635 UTC,8.54,138.65578642165923,31.7,0.858,0.1324532628,0.0054845152532546,False,False,0.0,,,,,,,,,,,,,,,04,POINT (9.13223 41.389679)
S2B_MSIL1C_20220416T101559_N0400_R065_T32TNM_20220416T160249;9.408433000;41.7358120,S2B_MSIL1C_20220416T101559_N0400_R065_T32TNM_20220416T160249,41.735812,9.408433,2022-04-16 10:29:07.511 UTC,18.33,22.345354010102103,28.8,0.918,0.0762217268,0.0053222012814644,False,False,0.0,,,,,,,,,,,,,,,04,POINT (9.408433 41.735812)
S2A_MSIL1C_20220418T100601_N0400_R022_T32TNL_20220418T123130;9.158882000;41.3807270,S2A_MSIL1C_20220418T100601_N0400_R022_T32TNL_20220418T123130,41.380727,9.158882,2022-04-18 10:19:33.894 UTC,5.14,165.0118449976771,28.3,0.863,0.0239611305,0.081256996233849,False,False,0.0006145893955036,,0.0957527542427556,232005659.0,,41.38834166666666,,9.16384,,0.1,,182.0,,2022-04-18 17:34:27.13 UTC,23.166015813261765,04,POINT (9.158882 41.380727)
S2B_MSIL1C_20220426T101549_N0400_R065_T32TNM_20220426T124513;9.351792000;41.5588280,S2B_MSIL1C_20220426T101549_N0400_R065_T32TNM_20220426T124513,41.558828,9.351792,2022-04-26 10:29:04.902 UTC,10.48,214.3774677078494,26.1,0.891,0.1814305931,0.0301085169276386,False,False,0.0,,,,,,,,,,,,,,,04,POINT (9.351792 41.558828)
S2A_MSIL1C_20220418T100601_N0400_R022_T32TNL_20220418T123130;9.064428000;41.4077520,S2A_MSIL1C_20220418T100601_N0400_R022_T32TNL_20220418T123130,41.407752,9.064428,2022-04-18 10:19:33.894 UTC,4.95,212.0856365273261,24.6,0.93,0.03052219,0.0028278023078014,False,False,0.0886857160670044,0.066013724602069,0.9975315802705562,227893220.0,41.421476666666656,41.389923333333336,9.057683333333332,9.051483333333332,7.599999904632568,7.5,149.89999389648438,204.6000061035156,2022-04-18 10:12:09 UTC,2022-04-18 10:29:06 UTC,17.863841925221543,04,POINT (9.064428 41.407752)
S2A_MSIL1C_20220418T100601_N0400_R022_T32TNL_20220418T123130;9.236586000;41.3717660,S2A_MSIL1C_20220418T100601_N0400_R022_T32TNL_20220418T123130,41.371766,9.236586,2022-04-18 10:19:33.894 UTC,9.58,318.65578642165923,28.4,0.902,0.0407932475,0.0089348253573882,False,False,0.0,,,,,,,,,,,,,,,04,POINT (9.236586 41.371766)
S2A_MSIL1C_20220411T101601_N0400_R065_T32TNM_20220411T124038;9.287203000;41.5969280,S2A_MSIL1C_20220411T101601_N0400_R065_T32TNM_20220411T124038,41.596928,9.287203,2022-04-11 10:29:13.474 UTC,0.33,1.1459155902616465,26.8,0.776,0.3610192537,0.0373656029676281,False,False,0.0,,,,,,,,,,,,,,,04,POINT (9.287203 41.596928)
S2A_MSIL1C_20220418T100601_N0400_R022_T32TNL_20220418T123130;9.271471000;41.4217720,S2A_MSIL1C_20220418T100601_N0400_R022_T32TNL_20220418T123130,41.421772,9.271471,2022-04-18 10:19:33.894 UTC,0.91,23.49126960036375,22.1,0.533,0.1600578427,0.0041762207968942,False,False,0.0,,,,,,,,,,,,,,,04,POINT (9.271471 41.421772)
S2B_MSIL1C_20220416T101559_N0400_R065_T32TNL_20220416T160249;9.275111000;41.3199770,S2B_MSIL1C_20220416T101559_N0400_R065_T32TNL_20220416T160249,41.319977,9.275111,2022-04-16 10:29:21.635 UTC,0.62,250.47380880109125,22.3,0.68,0.0246515591,0.007874787639569,False,False,0.0,,,,,,,,,,,,,,,04,POINT (9.275111 41.319977)
S2A_MSIL1C_20220411T101601_N0400_R065_T32TNM_20220411T124038;9.289008000;41.5980940,S2A_MSIL1C_20220411T101601_N0400_R065_T32TNM_20220411T124038,41.598094,9.289008,2022-04-11 10:29:13.474 UTC,0.48,26.35605857601787,23.2,0.743,0.8441110849,0.0373656029676281,False,False,0.0,,,,,,,,,,,,,,,04,POINT (9.289008 41.598094)
S2A_MSIL1C_20220428T100601_N0400_R022_T32TNM_20220509T093033;9.307747000;41.6274990,S2A_MSIL1C_20220428T100601_N0400_R022_T32TNM_20220509T093033,41.627499,9.307747,2022-04-28 10:19:21.454 UTC,0.33,50.42028597151244,27.200000000000003,0.33,0.9342483282,0.046247403356106,False,False,0.0,,,,,,,,,,,,,,,04,POINT (9.307747 41.627499)
S2B_MSIL1C_20220423T100549_N0400_R022_T32TNM_20220423T122947;9.370209000;41.6129040,S2B_MSIL1C_20220423T100549_N0400_R022_T32TNM_20220423T122947,41.612904,9.370209,2022-04-23 10:19:09.656 UTC,4.79,177.04395869542438,28.4,0.773,0.7224781513,0.0755494061052376,True,False,7.951866313329373e-05,,0.3199017819505451,477265920.0,,43.29418166666667,,9.680348333333333,,22.0,,8.6,,2022-04-23 14:56:27 UTC,,04,POINT (9.370209 41.612904)
S2A_MSIL1C_20220411T101601_N0400_R065_T32TNL_20220411T124038;9.184232000;41.3371830,S2A_MSIL1C_20220411T101601_N0400_R065_T32TNL_20220411T124038,41.337183,9.184232,2022-04-11 10:29:27.615 UTC,2.35,288.86198107485643,27.4,0.816,0.0318363085,0.1552719303491355,False,False,1.0948289718358577e-06,,0.0213450131228641,247267429.0,,43.02627666666666,,10.07637,,20.9,,19.5,,2022-04-11 15:08:44 UTC,,04,POINT (9.184232 41.337183)
S2A_MSIL1C_20220428T100601_N0400_R022_T32TNM_20220509T093033;9.397751000;41.6611800,S2A_MSIL1C_20220428T100601_N0400_R022_T32TNM_20220509T093033,41.66118,9.397751,2022-04-28 10:19:21.454 UTC,0.61,285.9971920992023,18.8,0.556,0.791140914,0.0056284135173242,False,False,1.16727329841914e-06,,0.0536185179571448,211192120.0,41.03361833333334,,9.523933333333332,,0.0,,192.4270728388292,,2022-04-27 23:26:28.66 UTC,,18.98282884610182,04,POINT (9.397751 41.66118)
S2B_MSIL1C_20220416T101559_N0400_R065_T32TNM_20220416T160249;9.309285000;41.6227220,S2B_MSIL1C_20220416T101559_N0400_R065_T32TNM_20220416T160249,41.622722,9.309285,2022-04-16 10:29:07.511 UTC,0.96,337.5633936609764,21.5,0.607,0.8831164241,0.0215236593092924,False,False,0.0001973983444194,,0.6639113625808842,227609040.0,41.59042166666666,41.59105666666667,9.286401666666666,9.284608333333333,7.5,0.1000000014901161,242.2,329.6000061035156,2022-04-16 08:25:40 UTC,2022-04-16 15:17:49 UTC,16.623468287229723,04,POINT (9.309285 41.622722)
S2B_MSIL1C_20220426T101549_N0400_R065_T32TNL_20220426T124513;9.364875000;41.4326830,S2B_MSIL1C_20220426T101549_N0400_R065_T32TNL_20220426T124513,41.432683,9.364875,2022-04-26 10:29:19.066 UTC,10.26,354.7521275149011,38.8,0.834,0.0495755635,0.005293230628849,False,False,0.0,,,,,,,,,,,,,,,04,POINT (9.364875 41.432683)
S2B_MSIL1C_20220416T101559_N0400_R065_T32TNL_20220416T160249;9.266968000;41.3447670,S2B_MSIL1C_20220416T101559_N0400_R065_T32TNL_20220416T160249,41.344767,9.266968,2022-04-16 10:29:21.635 UTC,9.95,342.7200138171538,28.2,0.873,0.0213735607,0.008380315667387,False,False,0.0,,,,,,,,,,,,,,,04,POINT (9.266968 41.344767)
S2B_MSIL1C_20220413T100549_N0400_R022_T32TNL_20220413T123516;9.199844000;41.3226540,S2B_MSIL1C_20220413T100549_N0400_R022_T32TNL_20220413T123516,41.322654,9.199844,2022-04-13 10:19:26.394 UTC,1.76,323.23944878270584,24.2,0.911,0.0214681402,0.81286016400374,False,False,1.753535443082045,,0.9999268853001424,232029044.0,41.31890333333333,41.347818333333336,9.204865,9.16771,7.900000095367431,8.899999618530273,318.5,334.0,2022-04-13 10:17:11 UTC,2022-04-13 10:33:40 UTC,29.060429897796425,04,POINT (9.199844 41.322654)
S2B_MSIL1C_20220416T101559_N0400_R065_T32TML_20220416T160249;9.060502000;41.4317140,S2B_MSIL1C_20220416T101559_N0400_R065_T32TML_20220416T160249,41.431714,9.060502,2022-04-16 10:29:25.954 UTC,0.99,26.929016371148688,21.4,0.713,0.1982328594,0.0031573011404173,False,False,9.945811266740687e-05,,0.2802285290056851,227226650.0,,41.475015,,9.073356666666669,,0.2000000029802322,,197.50900411094293,,2022-04-16 20:57:30 UTC,15.0027108225,04,POINT (9.060502 41.431714)
S2B_MSIL1C_20220426T101549_N0400_R065_T32TNM_20220426T124513;9.414685000;41.7170550,S2B_MSIL1C_20220426T101549_N0400_R065_T32TNM_20220426T124513,41.717055,9.414685,2022-04-26 10:29:04.902 UTC,0.44,229.2743703812508,20.8,0.877,0.1599137187,0.0345165001112313,False,False,4.228859094985129e-05,,0.36968034001335,247039489.0,,42.91801666666667,,10.564266666666668,,14.600000381469728,,36.0,,2022-04-26 16:45:05 UTC,,04,POINT (9.414685 41.717055)
S2B_MSIL1C_20220416T101559_N0400_R065_T32TNM_20220416T160249;9.370209000;41.6129040,S2B_MSIL1C_20220416T101559_N0400_R065_T32TNM_20220416T160249,41.612904,9.370209,2022-04-16 10:29:07.511 UTC,7.48,169.5955073587237,37.400000000000006,0.415,0.1993413121,0.0037743728598923,True,False,5.815251366713099e-06,,0.1275823648698077,354442752.0,43.12555666666666,,10.09086,,8.0,,194.0,,2022-04-15 22:35:29 UTC,,,04,POINT (9.370209 41.612904)
S2A_MSIL1C_20220411T101601_N0400_R065_T32TNM_20220411T124038;9.411151000;41.6906770,S2A_MSIL1C_20220411T101601_N0400_R065_T32TNM_20220411T124038,41.690677,9.411151,2022-04-11 10:29:13.474 UTC,2.76,336.4174780707148,31.9,0.411,0.0442645103,0.0189682698130023,False,False,0.4098786028975151,0.0072357126815694,0.9998145088872096,227195360.0,41.68447333333334,41.69887,9.40993,9.412715,7.5,8.0,7.099999904632568,9.7,2022-04-11 10:26:17 UTC,2022-04-11 10:33:17 UTC,16.719841552971136,04,POINT (9.411151 41.690677)
S2A_MSIL1C_20220411T101601_N0400_R065_T32TNM_20220411T124038;9.288734000;41.5903490,S2A_MSIL1C_20220411T101601_N0400_R065_T32TNM_20220411T124038,41.590349,9.288734,2022-04-11 10:29:13.474 UTC,0.74,224.11775022507337,21.9,0.342,0.5388969779,0.0373656029676281,False,False,1.861691706146231e-05,,0.1557544853375372,247267429.0,,43.02627666666666,,10.07637,,20.9,,19.5,,2022-04-11 15:08:44 UTC,,04,POINT (9.288734 41.590349)
S2A_MSIL1C_20220428T100601_N0400_R022_T32TNL_20220509T093033;9.229906000;41.3085460,S2A_MSIL1C_20220428T100601_N0400_R022_T32TNL_20220509T093033,41.308546,9.229906,2022-04-28 10:19:35.107 UTC,1.06,97.97578296737075,22.5,0.593,0.1076817065,0.013788067121637,False,False,0.0,,,,,,,,,,,,,,,04,POINT (9.229906 41.308546)
S2B_MSIL1C_20220423T100549_N0400_R022_T32TNL_20220423T122947;9.353349000;41.5144170,S2B_MSIL1C_20220423T100549_N0400_R022_T32TNL_20220423T122947,41.514417,9.353349,2022-04-23 10:19:24.342 UTC,0.63,287.7160654845948,25.4,0.804,0.0707750544,0.0607952054348006,False,False,0.0,,,,,,,,,,,,,,,04,POINT (9.353349 41.514417)
S2A_MSIL1C_20220408T100601_N0400_R022_T32TNM_20220408T122238;9.288517000;41.5956640,S2A_MSIL1C_20220408T100601_N0400_R022_T32TNM_20220408T122238,41.595664,9.288517,2022-04-08 10:19:16.156 UTC,0.74,34.37746770784939,21.7,0.367,0.797504425,0.6053419638494012,False,False,0.0024949770180279,,0.8985912416496854,227593840.0,,41.58812,,9.289718333333331,,0.0,,276.8,,2022-04-08 12:47:51 UTC,24.7,04,POINT (9.288517 41.595664)
S2B_MSIL1C_20220403T100549_N0400_R022_T32TNM_20220403T123757;9.307613000;41.6246180,S2B_MSIL1C_20220403T100549_N0400_R022_T32TNM_20220403T123757,41.624618,9.307613,2022-04-03 10:19:11.956 UTC,0.54,167.3036761782004,43.2,0.452,0.375754863,0.0486489055037109,False,False,2.137209853501999e-06,,0.0349250941306056,247346947.0,43.34784166666667,,10.064146666666666,,15.7,,189.8,,2022-04-03 03:34:30 UTC,,,04,POINT (9.307613 41.624618)
S2A_MSIL1C_20220411T101601_N0400_R065_T32TNM_20220411T124038;9.288524000;41.5971950,S2A_MSIL1C_20220411T101601_N0400_R065_T32TNM_20220411T124038,41.597195,9.288524,2022-04-11 10:29:13.474 UTC,0.13,188.59436692696235,26.0,0.857,0.5852037668,0.0373656029676281,False,False,0.0,,,,,,,,,,,,,,,04,POINT (9.288524 41.597195)
S2A_MSIL1C_20220428T100601_N0400_R022_T32TNM_20220509T093033;9.355145000;41.6016020,S2A_MSIL1C_20220428T100601_N0400_R022_T32TNM_20220509T093033,41.601602,9.355145,2022-04-28 10:19:21.454 UTC,4.7,93.39212060632417,31.7,0.846,0.1804851145,0.3486649122763635,False,False,0.0,,,,,,,,,,,,,,,04,POINT (9.355145 41.601602)
S2B_MSIL1C_20220426T101549_N0400_R065_T32TNL_20220426T124513;9.365742000;41.4379940,S2B_MSIL1C_20220426T101549_N0400_R065_T32TNL_20220426T124513,41.437994,9.365742,2022-04-26 10:29:19.066 UTC,12.66,350.74142294898536,39.4,0.914,0.0507601835,0.005293230628849,False,False,0.0,,,,,,,,,,,,,,,04,POINT (9.365742 41.437994)
S2A_MSIL1C_20220428T100601_N0400_R022_T32TNM_20220509T093033;9.288517000;41.5954840,S2A_MSIL1C_20220428T100601_N0400_R022_T32TNM_20220509T093033,41.595484,9.288517,2022-04-28 10:19:21.454 UTC,0.15,21.199438419840455,25.6,0.815,0.6865133047,0.0401451432812274,False,False,0.0,,,,,,,,,,,,,,,04,POINT (9.288517 41.595484)
S2A_MSIL1C_20220428T100601_N0400_R022_T32TNL_20220509T093033;9.111657000;41.3898810,S2A_MSIL1C_20220428T100601_N0400_R022_T32TNL_20220509T093033,41.389881,9.111657,2022-04-28 10:19:35.107 UTC,0.95,71.04676659622208,25.2,0.822,0.036419224,0.0573727234202348,False,False,0.0,,,,,,,,,,,,,,,04,POINT (9.111657 41.389881)
S2B_MSIL1C_20220426T101549_N0400_R065_T32TNL_20220426T124513;9.147536000;41.3877690,S2B_MSIL1C_20220426T101549_N0400_R065_T32TNL_20220426T124513,41.387769,9.147536,2022-04-26 10:29:19.066 UTC,1.58,221.8259190445501,42.3,0.846,0.9248579741,0.0080875427502919,False,False,0.020069515450335,,0.9955110086881755,247458000.0,41.38930666666667,41.32570333333334,9.151515,9.165286666666665,9.100000381469727,12.5,260.8999938964844,165.5,2022-04-26 10:28:03 UTC,2022-04-26 10:47:46 UTC,65.33341282922976,04,POINT (9.147536 41.387769)
S2A_MSIL1C_20220411T101601_N0400_R065_T32TNL_20220411T124038;9.186171000;41.3045720,S2A_MSIL1C_20220411T101601_N0400_R065_T32TNL_20220411T124038,41.304572,9.186171,2022-04-11 10:29:27.615 UTC,4.2,37.24225668350351,22.4,0.904,0.0332739204,0.2076161820944931,False,False,0.7926919941280073,,0.9999293011274628,261091010.0,41.293755,41.29702833333333,9.182163333333332,9.196108333333331,6.5,4.5,14.300000190734863,155.60000610351562,2022-04-11 10:23:40 UTC,2022-04-11 10:40:09 UTC,23.39290135972641,04,POINT (9.186171 41.304572)
S2B_MSIL1C_20220416T101559_N0400_R065_T32TNL_20220416T160249;9.188246000;41.3197010,S2B_MSIL1C_20220416T101559_N0400_R065_T32TNL_20220416T160249,41.319701,9.188246,2022-04-16 10:29:21.635 UTC,5.68,222.97183463481173,25.9,0.931,0.0303121936,0.004178161900787,False,False,0.0013029851147504,,0.0548173871045876,972602272.0,41.31296,,9.21375,,5.5,,308.6000061035156,,2022-04-16 10:18:08 UTC,,,04,POINT (9.188246 41.319701)
S2B_MSIL1C_20220426T101549_N0400_R065_T32TNL_20220426T124513;9.082834000;41.3918870,S2B_MSIL1C_20220426T101549_N0400_R065_T32TNL_20220426T124513,41.391887,9.082834,2022-04-26 10:29:19.066 UTC,1.56,294.59155902616465,24.2,0.753,0.0351787135,0.0106053306567044,False,False,0.0002288993664828,,0.3978239880742144,265002570.0,41.38895,,9.161241666666669,,3.0999999046325684,,92.19999694824217,,2022-04-26 07:40:05 UTC,,19.46942670775517,04,POINT (9.082834 41.391887)
S2A_MSIL1C_20220418T100601_N0400_R022_T32TNL_20220418T123130;9.141630000;41.3671480,S2A_MSIL1C_20220418T100601_N0400_R022_T32TNL_20220418T123130,41.367148,9.14163,2022-04-18 10:19:33.894 UTC,2.46,98.5487407625016,25.4,0.905,0.0492653847,0.0028666256365198,False,False,0.0,,,,,,,,,,,,,,,04,POINT (9.14163 41.367148)
S2A_MSIL1C_20220418T100601_N0400_R022_T32TNM_20220418T123130;9.362090000;41.5990580,S2A_MSIL1C_20220418T100601_N0400_R022_T32TNM_20220418T123130,41.599058,9.36209,2022-04-18 10:19:19.859 UTC,0.44,89.95437383553923,19.9,0.409,0.1609051824,0.017057972126711,False,False,4.781841168719777e-06,,0.0523937870605604,563659596.0,43.3516,,10.157866666666669,,11.5,,192.0,,2022-04-18 00:28:45 UTC,,,04,POINT (9.36209 41.599058)
S2A_MSIL1C_20220428T100601_N0400_R022_T32TNL_20220509T093033;9.253594000;41.3174140,S2A_MSIL1C_20220428T100601_N0400_R022_T32TNL_20220509T093033,41.317414,9.253594,2022-04-28 10:19:35.107 UTC,1.78,131.20733508495852,23.4,0.547,0.4023401141,0.0112665679196634,True,False,0.0,,,,,,,,,,,,,,,04,POINT (9.253594 41.317414)
S2B_MSIL1C_20220426T101549_N0400_R065_T32TNM_20220426T124513;9.304855000;41.5996750,S2B_MSIL1C_20220426T101549_N0400_R065_T32TNM_20220426T124513,41.599675,9.304855,2022-04-26 10:29:04.902 UTC,0.62,189.740282517224,19.3,0.58,0.3341221213,0.0541302945534564,False,False,4.264499696549785e-06,,0.0628261408552147,227417250.0,41.474888333333325,,9.0735,,0.0,,182.8000030517578,,2022-04-26 05:28:09 UTC,,14.987380785192538,04,POINT (9.304855 41.599675)
S2A_MSIL1C_20220418T100601_N0400_R022_T32TNL_20220418T123130;9.153134000;41.3778530,S2A_MSIL1C_20220418T100601_N0400_R022_T32TNL_20220418T123130,41.377853,9.153134,2022-04-18 10:19:33.894 UTC,0.95,236.7228217179515,27.8,0.825,0.129940331,0.081256996233849,False,False,0.0005468980557108,,0.1421154580766415,235023478.0,,41.37903166666667,,9.152326666666669,,4.5,,148.10000610351562,,2022-04-18 11:27:21 UTC,15.057487374961111,04,POINT (9.153134 41.377853)
S2B_MSIL1C_20220416T101559_N0400_R065_T32TNL_20220416T160249;9.196447000;41.3450890,S2B_MSIL1C_20220416T101559_N0400_R065_T32TNL_20220416T160249,41.345089,9.196447,2022-04-16 10:29:21.635 UTC,16.81,313.49916626548173,38.7,0.918,0.0224643461,0.0047801087071761,False,False,0.0,,,,,,,,,,,,,,,04,POINT (9.196447 41.345089)
S2A_MSIL1C_20220428T100601_N0400_R022_T32TNM_20220509T093033;9.288732000;41.5899890,S2A_MSIL1C_20220428T100601_N0400_R022_T32TNM_20220509T093033,41.589989,9.288732,2022-04-28 10:19:21.454 UTC,0.52,231.56620156177408,23.700000000000003,0.743,0.5747717023,0.0401451432812274,False,False,0.0002213487548127,,0.0608999414318163,228052460.0,,41.39337333333334,,9.29132833333333,,6.900000095367432,,179.6999969482422,,2022-04-28 11:44:55 UTC,23.46236818644616,04,POINT (9.288732 41.589989)
S2A_MSIL1C_20220418T100601_N0400_R022_T32TNL_20220418T123130;9.252351000;41.4287510,S2A_MSIL1C_20220418T100601_N0400_R022_T32TNL_20220418T123130,41.428751,9.252351,2022-04-18 10:19:33.894 UTC,0.26,158.1363514561072,24.1,0.456,0.1760612577,0.0129817290963315,False,False,0.0,,,,,,,,,,,,,,,04,POINT (9.252351 41.428751)
S2A_MSIL1C_20220418T100601_N0400_R022_T32TNM_20220418T123130;9.310718000;41.6211860,S2A_MSIL1C_20220418T100601_N0400_R022_T32TNM_20220418T123130,41.621186,9.310718,2022-04-18 10:19:19.859 UTC,1.48,6.875493541569878,22.4,0.609,0.8395113945,0.0296061615747195,False,False,0.0,,,,,,,,,,,,,,,04,POINT (9.310718 41.621186)
S2A_MSIL1C_20220418T100601_N0400_R022_T32TNM_20220418T123130;9.419278000;41.7763050,S2A_MSIL1C_20220418T100601_N0400_R022_T32TNM_20220418T123130,41.776305,9.419278,2022-04-18 10:19:19.859 UTC,1.53,9.167324722093172,29.5,0.913,0.1059663445,0.0270058236639937,False,False,0.0001033186084112,,0.4945436199571151,246856304.0,,42.837325,,10.358331666666666,,13.7,,32.1,,2022-04-18 15:58:13 UTC,,04,POINT (9.419278 41.776305)
S2B_MSIL1C_20220426T101549_N0400_R065_T32TNM_20220426T124513;9.304644000;41.4781660,S2B_MSIL1C_20220426T101549_N0400_R065_T32TNM_20220426T124513,41.478166,9.304644,2022-04-26 10:29:04.902 UTC,26.14,206.35605857601783,32.2,0.94,0.0146036148,0.0113347736709911,False,False,4.8129503418283615e-06,,0.2521906529689922,265002570.0,41.38895,,9.161241666666669,,3.0999999046325684,,92.19999694824217,,2022-04-26 07:40:05 UTC,,19.46942670775517,04,POINT (9.304644 41.478166)
S2A_MSIL1C_20220428T100601_N0400_R022_T32TNM_20220509T093033;9.288139000;41.5915210,S2A_MSIL1C_20220428T100601_N0400_R022_T32TNM_20220509T093033,41.591521,9.288139,2022-04-28 10:19:21.454 UTC,0.4,225.83662361046584,27.0,0.734,0.6048018932,0.0401451432812274,False,False,2.189028716161111e-06,,0.0033116586782254,247167300.0,,41.23784,,9.194425,,0.0,,0.0,,2022-04-28 14:19:39 UTC,29.283582144728893,04,POINT (9.288139 41.591521)
S2B_MSIL1C_20220426T101549_N0400_R065_T32TNM_20220426T124513;9.306183000;41.6014730,S2B_MSIL1C_20220426T101549_N0400_R065_T32TNM_20220426T124513,41.601473,9.306183,2022-04-26 10:29:04.902 UTC,0.53,24.6371851906254,23.5,0.84,0.0671696737,0.0278441627540822,False,False,2.88670184366082e-06,,0.0783589757856639,227152340.0,,41.657606666666666,,8.901468333333334,,0.0,,101.13525282036876,,2022-04-26 13:27:07 UTC,25.343597736666663,04,POINT (9.306183 41.601473)
S2A_MSIL1C_20220428T100601_N0400_R022_T32TNM_20220509T093033;9.364377000;41.6002220,S2A_MSIL1C_20220428T100601_N0400_R022_T32TNM_20220509T093033,41.600222,9.364377,2022-04-28 10:19:21.454 UTC,8.15,276.8298673771091,32.8,0.909,0.0419335812,0.3486649122763635,False,False,0.0,,,,,,,,,,,,,,,04,POINT (9.364377 41.600222)
S2A_MSIL1C_20220411T101601_N0400_R065_T32TNL_20220411T124038;9.197005000;41.3320270,S2A_MSIL1C_20220411T101601_N0400_R065_T32TNL_20220411T124038,41.332027,9.197005,2022-04-11 10:29:27.615 UTC,2.72,312.92620847035096,27.3,0.855,0.034586519,0.1552719303491355,False,False,0.0,,,,,,,,,,,,,,,04,POINT (9.197005 41.332027)
S2B_MSIL1C_20220416T101559_N0400_R065_T32TNL_20220416T160249;9.216596000;41.3657710,S2B_MSIL1C_20220416T101559_N0400_R065_T32TNL_20220416T160249,41.365771,9.216596,2022-04-16 10:29:21.635 UTC,3.26,260.7870491134461,29.5,0.843,0.1390451342,0.0295926403118231,False,False,0.0,,,,,,,,,,,,,,,04,POINT (9.216596 41.365771)
