class_id,latitude,longitude,confidence,length,breadth,heading
0,41.92731004,8.75508311,0.774,20.1,7.6,57.0
0,41.93160117,8.75096264,0.768,13.9,4.5,82.0
0,41.9207912,8.77482493,0.768,80.5,18.8,170.0
0,42.10937994,8.69061865,0.758,11.0,5.0,54.0
0,42.11290743,8.68970992,0.757,6.4,4.0,79.0
0,41.92541527,8.77516378,0.754,15.2,7.2,50.0
0,41.92250803,8.74285084,0.752,245.9,45.9,178.0
0,41.99277861,8.66582799,0.752,5.0,4.9,169.0
0,41.9324449,8.74763016,0.75,8.1,3.1,73.0
0,42.04321308,8.73163148,0.75,8.1,3.9,163.0
0,41.92744606,8.74449397,0.749,19.4,6.5,54.0
0,42.04147884,8.73733581,0.749,5.8,4.9,169.0
0,42.11332774,8.69058189,0.744,6.8,3.5,80.0
0,42.1139388,8.68947736,0.743,5.5,4.3,77.0
0,41.93160421,8.74751037,0.743,7.6,3.7,74.0
0,42.1109512,8.69057697,0.742,8.8,4.3,73.0
0,42.04278152,8.73786792,0.74,5.9,4.9,168.0
0,42.113064,8.68884609,0.74,6.5,4.0,79.0
0,42.1116146,8.69954375,0.738,7.0,4.0,80.0
0,41.92971097,8.74754456,0.737,21.6,8.1,60.0
0,41.92601097,8.7745986,0.737,7.1,3.5,78.0
0,42.13329412,8.61214547,0.736,14.1,5.8,39.0
0,42.04215844,8.73441885,0.736,6.8,4.2,144.0
0,41.99324231,8.66578129,0.735,6.7,5.0,80.0
0,42.11160315,8.69816957,0.732,6.1,4.5,71.0
0,42.1128346,8.6908935,0.731,7.2,4.1,79.0
0,41.90660324,8.67956157,0.73,10.2,6.2,155.0
0,42.04214362,8.73531565,0.73,7.9,4.0,155.0
0,42.11269275,8.68971437,0.729,5.5,4.2,79.0
0,41.92600502,8.7711887,0.729,8.1,3.6,69.0
0,42.06356791,8.73519638,0.729,5.9,4.9,170.0
0,42.04212708,8.73844252,0.727,5.5,5.2,76.0
0,41.93220186,8.74437641,0.727,7.4,3.7,78.0
0,41.92873554,8.74524537,0.726,19.8,8.1,99.0
0,42.13396452,8.61201045,0.724,6.7,3.9,58.0
0,41.93311466,8.7464037,0.724,5.5,4.6,82.0
0,42.06315073,8.73582648,0.723,7.6,4.9,63.0
0,41.9262436,8.77021713,0.722,7.0,3.9,77.0
0,42.04194577,8.73474268,0.722,7.2,4.6,152.0
0,41.93162457,8.74704183,0.721,9.5,3.9,74.0
0,41.99359964,8.66578325,0.718,5.2,4.0,81.0
0,41.92197661,8.74193031,0.718,90.1,21.6,179.0
0,42.11351127,8.69029381,0.717,6.6,4.4,81.0
0,41.93227074,8.74647205,0.717,7.0,3.8,81.0
0,42.04257663,8.73966672,0.715,5.6,5.3,81.0
0,42.11218488,8.68969935,0.715,7.2,5.0,77.0
0,41.93177628,8.74524269,0.714,10.3,3.3,77.0
0,41.93141753,8.74646639,0.713,8.2,2.7,74.0
0,42.11158093,8.6998,0.711,5.9,3.9,80.0
0,41.90633421,8.67806056,0.71,5.5,4.0,81.0
0,42.04389299,8.73274406,0.71,11.1,4.4,174.0
0,41.93288809,8.74639274,0.709,6.2,4.0,82.0
1,41.9155736,8.74693139,0.705,180.1,25.7,80.0
0,41.93203032,8.74503888,0.705,13.9,4.4,76.0
1,41.9117221,8.74011643,0.704,119.4,14.9,40.0
1,42.04547532,8.73243483,0.703,68.2,18.0,135.0
0,41.96971008,8.63419548,0.703,21.7,6.7,132.0
0,41.90610807,8.60324942,0.702,103.4,18.2,97.0
1,42.12457684,8.57421004,0.7,96.0,14.2,148.0
1,42.06294761,8.71337347,0.699,61.3,14.5,75.0
0,42.06356782,8.73639906,0.697,7.3,5.3,71.0
0,41.99298337,8.66661249,0.693,5.3,4.4,79.0
0,42.11416338,8.68996645,0.692,6.0,3.9,75.0
0,41.90615519,8.67758611,0.691,4.8,4.6,80.0
0,42.11326477,8.69231677,0.691,7.6,4.2,78.0
0,41.99346335,8.66574609,0.691,5.1,4.8,81.0
0,41.93183002,8.74610447,0.686,6.8,3.6,76.0
0,42.0436859,8.73348046,0.685,9.5,4.6,159.0
0,42.11116943,8.69896885,0.684,7.8,3.8,75.0
0,42.13282419,8.61147572,0.684,8.0,4.9,52.0
1,42.06179388,8.69903444,0.684,145.1,17.2,144.0
0,41.93264808,8.74585256,0.683,5.9,4.1,80.0
0,42.13157284,8.60480619,0.681,9.4,4.8,35.0
1,42.1233919,8.57368738,0.678,94.2,13.0,149.0
0,41.93299061,8.74713607,0.677,5.8,4.2,73.0
0,41.95179097,8.60648054,0.677,5.0,4.6,169.0
0,41.99231013,8.66575853,0.674,5.1,4.7,173.0
0,41.92708283,8.7711979,0.674,5.6,3.6,81.0
0,41.93301074,8.74922358,0.674,12.1,5.2,74.0
0,41.93087723,8.74692808,0.673,14.9,4.5,62.0
0,42.04167793,8.73928666,0.673,5.3,4.9,171.0
0,41.92083903,8.74266488,0.67,263.8,43.4,166.0
0,41.99319215,8.66631238,0.67,5.2,5.0,169.0
1,42.13186471,8.56389567,0.669,148.5,19.0,98.0
0,41.99283563,8.66533473,0.668,6.4,4.3,73.0
0,41.99259988,8.66486455,0.668,11.8,5.3,81.0
0,41.93168427,8.74719526,0.667,8.0,4.3,72.0
0,41.93288304,8.74608593,0.664,5.4,4.9,82.0
0,42.11057171,8.68871369,0.664,6.2,4.8,75.0
0,41.92663714,8.77107118,0.663,6.2,4.1,78.0
0,41.90566881,8.67694235,0.662,5.7,4.9,169.0
0,42.06359549,8.73480109,0.661,6.2,6.1,172.0
0,41.92740409,8.75573024,0.661,15.1,5.5,48.0
0,41.90511994,8.6793018,0.658,6.8,4.9,72.0
0,42.11141318,8.69058995,0.657,6.2,4.4,79.0
0,41.93136468,8.74785214,0.657,7.0,3.8,72.0
0,41.93239918,8.74588486,0.655,6.2,4.0,81.0
0,42.11350654,8.68892825,0.655,4.8,3.8,82.0
0,42.11336301,8.69007367,0.655,7.4,3.8,80.0
0,42.11163005,8.70013049,0.654,5.9,4.1,80.0
0,42.11290232,8.6891245,0.654,6.1,4.2,80.0
0,41.99175612,8.66492883,0.653,5.4,5.2,170.0
0,42.11373311,8.69053789,0.653,6.5,3.8,82.0
0,41.93039682,8.7464176,0.652,27.5,6.5,72.0
0,42.11230013,8.68989184,0.651,6.8,4.3,70.0
0,41.93217034,8.7474356,0.65,9.6,4.3,68.0
0,42.11330532,8.68891967,0.648,6.4,4.7,82.0
0,42.04156939,8.73861627,0.648,6.8,4.5,166.0
1,42.07267029,8.70082256,0.647,49.4,14.1,136.0
0,41.93036761,8.74761494,0.646,8.7,4.8,72.0
0,42.11317802,8.68984213,0.645,6.9,4.9,74.0
0,42.04248009,8.73796715,0.644,6.0,4.8,163.0
0,42.11402158,8.69466821,0.643,10.7,3.6,72.0
0,41.92784578,8.75528026,0.641,11.7,4.9,56.0
0,41.93268706,8.74608671,0.64,6.5,4.6,82.0
0,41.9260827,8.7730363,0.639,7.5,4.4,61.0
0,41.93285116,8.74532864,0.636,5.8,4.5,81.0
0,41.91720473,8.75527544,0.635,25.7,8.6,174.0
0,41.99261945,8.66636977,0.633,5.5,5.0,84.0
0,42.04192484,8.73779985,0.632,5.3,5.2,170.0
0,41.93136693,8.74743751,0.631,9.2,4.5,76.0
0,41.93099558,8.74675079,0.629,9.9,3.8,64.0
0,42.11263733,8.68879148,0.628,5.9,4.0,79.0
0,41.91133929,8.72380637,0.628,6.7,4.6,69.0
0,41.93236951,8.74673105,0.627,8.8,4.1,78.0
0,42.11355683,8.69053818,0.626,5.8,3.5,82.0
0,41.93303013,8.7461538,0.626,5.2,3.8,81.0
0,42.11033325,8.69819258,0.626,7.1,3.7,75.0
0,41.99192019,8.66453211,0.625,6.6,4.2,174.0
0,42.04283923,8.73288047,0.623,10.3,4.6,177.0
0,42.04063478,8.73622039,0.622,6.6,4.7,163.0
0,41.90534131,8.67869137,0.622,6.7,3.7,81.0
0,41.92745464,8.7713031,0.621,5.9,4.7,74.0
1,42.05422178,8.73190123,0.621,74.7,19.6,97.0
0,42.04349737,8.73554253,0.618,7.4,3.6,169.0
0,41.99368194,8.66556394,0.618,4.4,4.1,80.0
0,41.91096017,8.72416861,0.617,6.2,5.1,73.0
0,41.9926007,8.66658692,0.616,7.7,5.7,87.0
0,41.9272686,8.7713527,0.614,5.2,4.0,81.0
0,41.93134898,8.74476351,0.611,8.1,3.4,82.0
0,41.9263,8.77058508,0.61,8.6,3.9,81.0
0,42.11334313,8.69025002,0.61,7.6,4.1,82.0
0,42.04238405,8.73838245,0.61,5.4,5.0,167.0
0,41.95135951,8.60642507,0.609,12.4,7.8,169.0
0,41.93162885,8.74502222,0.609,7.0,3.4,82.0
0,41.92615219,8.7696026,0.608,8.8,4.6,62.0
0,42.04300015,8.73709447,0.607,7.0,4.0,169.0
0,41.99284866,8.66623944,0.605,5.5,4.5,166.0
0,41.93204367,8.74651216,0.603,7.3,3.5,78.0
0,42.1100849,8.6903943,0.6,5.8,5.1,79.0
0,41.93035465,8.74559657,0.599,8.8,4.5,79.0
0,41.93251773,8.7454702,0.599,6.4,4.4,73.0
0,42.04213025,8.73692766,0.594,7.0,3.9,169.0
1,42.12296325,8.57690567,0.593,107.6,19.6,156.0
0,41.9327316,8.74845841,0.592,7.1,3.7,82.0
0,41.92743852,8.74180302,0.592,8.8,3.2,53.0
0,42.06420173,8.73610425,0.592,6.6,3.9,84.0
0,41.93645083,8.587893,0.592,179.4,47.0,98.0
0,41.9269398,8.7711457,0.59,6.1,3.9,81.0
0,41.92541305,8.77353664,0.59,7.2,6.2,176.0
0,42.11224134,8.69024192,0.589,6.1,3.6,78.0
0,41.93239202,8.7460826,0.589,7.2,4.5,81.0
0,42.06409944,8.73662214,0.589,5.8,4.8,82.0
0,42.04231517,8.73608622,0.587,8.2,4.7,166.0
0,41.93294117,8.74748169,0.586,6.5,3.7,82.0
0,41.92548369,8.74154852,0.586,167.9,38.1,176.0
0,41.96913879,8.6337169,0.585,12.0,4.6,142.0
0,41.99276979,8.66557587,0.585,4.8,4.7,171.0
0,41.90636493,8.67833249,0.584,5.4,3.8,81.0
0,41.993469,8.66535164,0.584,5.1,4.3,80.0
0,41.92894993,8.74766527,0.582,10.3,3.4,72.0
0,41.93272064,8.74525273,0.578,6.3,3.6,79.0
0,41.90620697,8.67960676,0.578,6.2,4.4,81.0
0,41.93080664,8.74594885,0.576,9.1,5.0,75.0
0,41.92728905,8.77106201,0.575,4.8,3.4,81.0
0,41.92681835,8.77088777,0.572,5.9,4.0,80.0
0,42.04276886,8.73692955,0.568,7.2,4.1,175.0
0,41.93164732,8.74412169,0.566,7.8,3.6,82.0
1,42.10797017,8.69651913,0.565,46.8,13.5,63.0
0,42.14520867,8.58916109,0.564,7.0,4.5,180.0
0,41.93302827,8.7458626,0.562,5.6,4.2,81.0
0,42.04187385,8.73814412,0.56,5.7,5.7,80.0
1,42.07232563,8.57128968,0.559,98.2,13.6,94.0
0,42.04393734,8.73557565,0.558,11.8,4.5,160.0
0,41.93270886,8.74801043,0.551,4.9,4.9,169.0
0,41.99252649,8.66622662,0.551,5.6,5.2,70.0
0,41.98677474,8.62496976,0.55,16.0,7.9,141.0
0,42.04295166,8.73749191,0.55,5.8,4.3,163.0
0,41.92383684,8.77642747,0.549,15.7,4.4,45.0
0,41.92992942,8.74547215,0.549,20.5,6.7,146.0
0,42.11402019,8.69063239,0.547,6.9,3.7,82.0
0,42.1133479,8.68965391,0.546,7.9,4.1,82.0
0,42.109293,8.69116566,0.541,6.0,3.6,79.0
0,41.92762655,8.74242993,0.541,10.1,4.6,60.0
0,41.93213274,8.74537605,0.54,9.3,4.7,74.0
0,42.11282054,8.68948848,0.538,6.5,4.3,80.0
0,41.92191133,8.78049729,0.537,10.5,4.9,131.0
0,42.11392301,8.69110241,0.537,6.6,3.4,82.0
0,41.93262721,8.74693967,0.533,12.3,4.3,77.0
0,41.93142471,8.74501281,0.532,7.4,3.6,82.0
0,41.93258725,8.74483863,0.532,7.1,4.4,71.0
0,42.11107563,8.69034286,0.529,9.5,4.2,77.0
1,42.07277172,8.57189106,0.529,143.0,15.0,98.0
0,41.9328806,8.74564213,0.527,5.2,3.6,81.0
0,41.92717448,8.74261206,0.526,14.4,4.9,78.0
0,41.93203251,8.7472383,0.523,9.2,3.8,71.0
0,41.99333337,8.66520614,0.522,5.3,4.8,70.0
0,41.92415702,8.74107682,0.522,72.9,20.7,173.0
0,41.96904309,8.63492104,0.521,5.8,4.7,85.0
0,42.11358986,8.69113675,0.521,6.9,3.9,82.0
0,42.06393622,8.73496189,0.521,5.4,5.0,167.0
0,41.90674266,8.67922099,0.52,4.9,4.7,77.0
0,41.93183968,8.74667925,0.52,10.7,3.6,77.0
0,41.92823017,8.75105499,0.519,13.3,5.0,127.0
0,42.0643617,8.73453433,0.518,6.1,4.8,166.0
0,42.04208544,8.73734488,0.517,6.5,4.8,168.0
0,41.93225487,8.74528809,0.516,12.1,3.3,82.0
0,41.90638881,8.67948361,0.515,6.2,5.1,169.0
0,42.06258905,8.73579637,0.51,9.3,4.4,46.0
0,42.10848814,8.69109564,0.51,11.3,5.1,64.0
0,42.0421493,8.73798007,0.51,6.5,4.6,171.0
0,41.99290688,8.66561485,0.503,5.3,4.9,74.0
0,42.04312019,8.73776967,0.502,6.4,5.6,179.0
0,41.93174073,8.74576424,0.501,11.1,4.1,75.0
1,42.12324766,8.57523382,0.496,98.3,14.4,154.0
0,42.11144362,8.69700941,0.494,6.6,3.9,55.0
0,41.93295255,8.74671551,0.494,7.0,3.1,82.0
0,42.04252808,8.73625945,0.494,8.3,4.6,164.0
0,41.92402229,8.74212948,0.493,12.0,5.8,79.0
0,41.99333534,8.66569532,0.492,5.2,5.1,73.0
0,41.92694412,8.77145375,0.491,6.7,3.5,79.0
0,42.11060527,8.69038189,0.488,6.2,5.1,74.0
0,41.90546308,8.67940313,0.488,7.4,4.7,73.0
0,41.93231103,8.74474336,0.487,10.5,3.6,79.0
0,41.99321602,8.66539115,0.482,4.5,4.5,168.0
0,41.93218556,8.74592963,0.48,6.3,4.2,78.0
0,41.90619302,8.67861522,0.478,5.4,4.7,173.0
0,41.92672767,8.77033297,0.477,8.9,4.0,75.0
0,42.04128236,8.73751167,0.472,7.4,4.0,172.0
0,41.93191552,8.7462935,0.472,6.4,6.2,89.0
0,42.04192743,8.73661957,0.464,7.0,4.4,168.0
0,41.93291179,8.74485453,0.462,5.7,4.7,74.0
0,41.93253211,8.74732813,0.46,9.2,3.4,79.0
0,42.06461052,8.73531421,0.458,6.7,5.9,89.0
0,42.11243199,8.69009047,0.455,5.5,4.1,82.0
0,41.92604807,8.77010753,0.454,7.7,4.4,71.0
0,42.11261925,8.69035277,0.453,6.3,3.7,80.0
0,42.04318672,8.73519736,0.451,7.8,4.4,163.0
0,42.04308094,8.74036292,0.45,14.5,5.0,163.0
0,41.92745703,8.74290293,0.448,8.3,3.6,76.0
0,41.93122701,8.74588368,0.442,8.9,4.3,66.0
0,41.93166356,8.74565588,0.44,13.3,4.3,74.0
0,42.04188099,8.73956987,0.438,6.0,4.9,169.0
0,41.93271884,8.74471588,0.436,6.5,3.8,77.0
0,42.04226569,8.73772083,0.436,6.4,6.4,179.0
0,41.93136756,8.7471172,0.433,10.2,5.4,75.0
1,42.11695174,8.59609695,0.43,49.1,13.8,49.0
0,42.06472734,8.735035,0.428,5.2,4.5,168.0
0,42.11143555,8.69849001,0.423,5.8,4.5,72.0
0,42.01853379,8.58093467,0.421,14.0,6.4,89.0
0,42.11206876,8.69039579,0.417,8.2,3.6,75.0
0,41.90587151,8.67727876,0.415,5.3,4.2,172.0
0,42.04213291,8.7394283,0.414,6.9,3.9,169.0
1,42.04746808,8.72346649,0.412,28.6,11.8,4.0
0,42.11252248,8.68946589,0.412,7.2,4.4,82.0
0,42.04306646,8.7389647,0.408,7.6,3.8,169.0
0,41.91198815,8.72366808,0.406,4.9,4.3,73.0
1,41.92990786,8.74550781,0.403,26.9,8.9,140.0
0,41.93274953,8.74630362,0.403,6.0,5.9,179.0
0,41.90607523,8.67728721,0.397,5.6,4.7,82.0
0,42.08054874,8.68188701,0.394,9.0,4.0,153.0
0,42.12296241,8.63402616,0.392,5.0,4.5,171.0
0,41.92230885,8.74482124,0.389,10.4,5.7,78.0
0,41.93151327,8.74667194,0.389,8.3,3.2,77.0
0,41.92609084,8.77089188,0.387,9.7,3.8,75.0
0,42.1133418,8.69185472,0.385,8.8,3.3,73.0
0,41.99336426,8.66604833,0.384,6.4,4.8,82.0
0,41.9264897,8.77130605,0.377,6.6,4.1,74.0
0,42.04135804,8.73845711,0.374,5.5,4.0,84.0
0,41.92484963,8.77392103,0.372,17.2,7.1,48.0
0,41.9515515,8.60670024,0.371,5.0,4.4,173.0
0,42.11359731,8.68914791,0.369,6.4,3.7,82.0
0,42.04315845,8.73585117,0.369,7.6,4.6,168.0
0,42.11270434,8.68988697,0.368,5.9,4.1,73.0
0,41.92668798,8.77078591,0.364,5.9,3.6,81.0
0,42.04349483,8.73504837,0.363,9.4,3.9,172.0
0,41.92281445,8.78156323,0.363,5.8,3.8,84.0
0,41.92742333,8.77187516,0.362,4.8,3.9,72.0
0,42.11599864,8.63048731,0.351,8.3,4.7,153.0
0,42.08657096,8.70898468,0.349,6.2,3.7,166.0
0,42.04149213,8.73914085,0.347,6.8,4.0,173.0
0,42.04198413,8.73920571,0.345,5.9,3.9,165.0
0,41.93315103,8.74696853,0.344,6.8,3.2,82.0
0,41.92649357,8.76998848,0.344,6.1,4.2,77.0
0,42.04222462,8.73905696,0.342,5.6,5.5,170.0
0,41.90592538,8.67702899,0.34,5.4,4.0,171.0
0,42.04186303,8.73591179,0.332,5.6,5.4,172.0
0,41.93040935,8.7480821,0.323,9.1,3.7,76.0
0,41.93251207,8.74661936,0.322,6.5,4.8,74.0
0,42.09710893,8.70884378,0.321,9.3,4.8,88.0
0,42.1124682,8.68981778,0.321,5.8,4.8,80.0
0,41.93142589,8.74869338,0.319,5.1,4.5,83.0
0,41.99294211,8.66604853,0.318,6.1,4.4,81.0
0,42.11093675,8.68896208,0.316,9.0,4.2,80.0
0,41.93047191,8.74386311,0.315,6.3,4.1,162.0
0,42.11168141,8.6989288,0.309,6.1,4.2,82.0
0,41.9098008,8.73534095,0.308,8.2,4.0,52.0
0,42.10130921,8.70682042,0.307,4.8,3.9,77.0
0,42.04290355,8.73501657,0.305,7.9,3.8,161.0
0,42.06456211,8.73643543,0.302,6.6,6.1,179.0
0,41.92630708,8.77353981,0.301,10.6,4.1,63.0
0,41.90600149,8.6789888,0.296,5.8,4.6,80.0
0,41.93267482,8.74421101,0.295,5.5,3.4,79.0
0,42.13187122,8.61483727,0.294,5.6,3.9,75.0
0,42.0647205,8.73467958,0.293,5.0,4.7,174.0
0,42.11356956,8.68940025,0.292,6.5,3.9,83.0
0,41.99375657,8.66612755,0.291,5.0,4.6,163.0
0,42.1108519,8.69942283,0.288,7.7,5.2,179.0
0,42.04025547,8.73669693,0.282,4.6,3.9,82.0
0,41.99261961,8.66569385,0.281,7.4,4.6,172.0
0,42.06443875,8.73640715,0.277,7.0,4.3,82.0
0,42.11390965,8.69038141,0.275,6.3,4.2,83.0
0,41.91156544,8.72354245,0.273,5.4,4.5,158.0
0,41.92354799,8.77520704,0.271,16.5,4.8,65.0
0,41.93149456,8.74464528,0.27,9.1,4.1,82.0
0,41.93297189,8.74597966,0.269,4.9,4.6,75.0
0,42.11379397,8.68908579,0.265,5.7,3.7,84.0
0,41.91522971,8.79020097,0.26,4.5,3.4,81.0
0,41.93270847,8.74562625,0.259,5.9,3.8,80.0
0,42.11120491,8.7997965,0.257,152.1,45.0,64.0
0,41.90643202,8.67739987,0.255,6.7,6.0,88.0
0,41.92762922,8.74346026,0.249,12.5,4.5,80.0
0,41.90737187,8.68892039,0.247,12.9,5.3,44.0
0,42.04402736,8.73508293,0.244,10.4,4.8,166.0
0,41.92606367,8.74306801,0.244,4.9,4.8,164.0
0,41.9324962,8.74504964,0.242,8.1,2.8,78.0
0,42.1112317,8.69087001,0.241,6.9,3.7,80.0
0,42.04031975,8.73621867,0.237,5.6,5.1,162.0
0,41.93201668,8.74576541,0.232,6.7,5.6,79.0
0,42.11238496,8.68881267,0.231,5.3,4.1,81.0
0,42.04359712,8.7322004,0.231,11.0,4.4,167.0
0,41.93226624,8.74680117,0.23,10.7,4.6,80.0
0,42.04199137,8.74012027,0.225,6.0,3.7,176.0
0,41.92010778,8.74445367,0.218,10.1,5.8,70.0
0,42.11310657,8.68964578,0.213,7.3,4.7,82.0
0,42.11289003,8.69021843,0.21,7.6,4.6,81.0
0,42.04359538,8.73755206,0.21,8.0,5.0,162.0
0,42.11010619,8.68905159,0.205,8.6,4.4,3.0
1,41.92881621,8.74677165,0.198,18.9,6.2,140.0
0,41.92207856,8.74303054,0.197,12.4,4.7,163.0
0,42.04251366,8.73901788,0.194,5.3,5.3,80.0
0,41.90611661,8.67821583,0.193,7.1,5.0,171.0
0,41.92636444,8.7696258,0.19,7.8,4.1,77.0
0,41.93315172,8.74736358,0.185,6.3,3.5,82.0
0,42.11347595,8.68963636,0.183,8.0,4.5,81.0
0,42.04255322,8.74049147,0.183,4.5,4.3,79.0
0,42.07936961,8.71365956,0.18,6.5,4.3,172.0
0,42.04176915,8.73750269,0.18,6.7,4.3,172.0
0,42.06172863,8.73058653,0.18,8.8,3.9,63.0
0,41.92552105,8.76833728,0.178,9.4,5.1,178.0
0,42.04147646,8.73682809,0.174,6.7,4.4,171.0
0,41.9311424,8.74626024,0.174,9.2,5.1,68.0
0,42.04351232,8.73604626,0.172,8.5,3.9,170.0
0,41.91210478,8.72402826,0.172,4.3,3.8,82.0
0,41.90583299,8.65843611,0.172,11.1,3.9,1.0
0,42.04136237,8.73822133,0.171,6.1,4.0,85.0
0,41.93221135,8.74693234,0.168,10.4,5.0,80.0
0,41.93217382,8.74614716,0.167,5.8,3.6,82.0
0,41.91990868,8.74335361,0.166,28.8,7.7,160.0
0,42.12978949,8.61689048,0.164,6.1,4.9,81.0
0,41.92615785,8.74578955,0.159,8.1,3.4,65.0
0,42.04229614,8.73967195,0.156,5.6,5.3,170.0
0,41.9101285,8.72313611,0.154,7.8,3.9,77.0
0,42.11183621,8.68963505,0.154,6.4,5.7,83.0
0,42.11295391,8.6905418,0.153,7.5,4.5,82.0
0,41.97702691,8.61178103,0.152,91.9,28.9,150.0
0,41.91512275,8.79032678,0.151,4.3,4.0,164.0
0,42.11303785,8.69000843,0.15,8.3,3.9,80.0
0,41.93290748,8.74587011,0.15,5.3,3.5,82.0
0,42.12223281,8.62898198,0.149,49.4,13.0,2.0
0,42.11197725,8.69010477,0.148,6.9,5.4,81.0
0,42.11388962,8.69007771,0.147,6.7,3.8,84.0
0,41.96934036,8.63549148,0.145,4.6,4.4,170.0
0,42.10900457,8.6571074,0.144,4.8,4.7,172.0
0,42.1062059,8.68346188,0.143,5.2,4.5,83.0
0,41.92692598,8.77211071,0.143,7.7,3.6,71.0
0,42.04171011,8.73516346,0.137,7.2,3.8,170.0
0,41.93205523,8.74465277,0.128,12.1,3.9,81.0
0,41.9302157,8.7443782,0.128,22.5,6.3,139.0
0,42.12456481,8.62389521,0.127,5.4,4.2,80.0
0,41.92521408,8.77619749,0.126,14.0,4.5,55.0
0,42.13186463,8.5984668,0.124,5.3,4.3,162.0
0,41.93186509,8.74479,0.121,11.7,4.4,81.0
0,42.11729636,8.59708361,0.121,12.7,8.4,1.0
0,41.90574292,8.67801367,0.117,6.1,6.1,169.0
0,41.91206296,8.72419924,0.117,6.1,4.0,73.0
0,42.11193304,8.69083584,0.116,8.3,3.3,78.0
0,41.91988708,8.74055733,0.112,32.8,19.2,84.0
0,42.04568374,8.74489586,0.112,4.5,4.1,174.0
0,41.92774926,8.74603915,0.111,21.4,8.8,72.0
0,42.04176637,8.73634261,0.109,7.2,3.7,170.0
0,41.92421965,8.76877306,0.109,5.6,4.1,89.0
0,42.06963854,8.71846901,0.108,5.7,3.6,80.0
0,42.06449238,8.73544196,0.108,5.9,4.3,77.0
0,41.99555959,8.65723415,0.106,5.2,4.2,170.0
0,41.92603353,8.77027999,0.104,7.5,1.8,81.0
1,42.12222372,8.62899135,0.103,61.7,12.8,2.0
0,42.06406787,8.73700707,0.101,5.3,5.2,83.0
0,41.993027,8.66584076,0.1,6.9,4.1,80.0
0,42.11244486,8.68867432,0.099,5.8,5.1,171.0
0,41.90587572,8.67860509,0.093,6.0,5.0,173.0
0,41.99310635,8.66537709,0.093,6.2,5.8,178.0
0,41.92704566,8.77093314,0.088,5.6,5.2,81.0
0,41.93696454,8.62247102,0.088,4.8,3.8,81.0
0,41.9267289,8.77137421,0.085,7.7,3.7,77.0
0,42.11230959,8.68887344,0.085,7.0,4.2,82.0
0,42.11324035,8.68871636,0.084,6.0,3.9,72.0
0,41.93260482,8.74599247,0.084,7.1,4.2,72.0
0,42.0406959,8.73730466,0.08,4.7,4.6,170.0
0,41.93185913,8.74435319,0.077,8.5,4.7,84.0
0,42.11366657,8.68943319,0.076,7.5,3.2,81.0
0,41.93248033,8.74639028,0.076,8.1,4.8,82.0
0,42.04165545,8.73707688,0.073,6.7,4.8,170.0
0,42.1109723,8.68930017,0.069,7.8,4.7,71.0
0,41.97149659,8.61171058,0.069,24.0,14.5,174.0
0,41.90554835,8.67832166,0.069,7.3,5.2,78.0
0,41.91905485,8.74090454,0.068,7.4,6.0,170.0
0,41.92765538,8.68120579,0.068,174.2,34.6,27.0
0,42.06931967,8.57421255,0.067,50.8,18.9,154.0
0,41.93118787,8.74344675,0.066,8.5,4.1,178.0
0,41.92282078,8.74127005,0.066,13.1,12.5,81.0
0,42.04038699,8.7365231,0.066,5.7,3.8,170.0
0,42.07788799,8.71402438,0.065,5.5,4.6,91.0
0,41.90808019,8.68880493,0.064,6.7,3.7,175.0
0,41.92013622,8.74358149,0.061,34.7,8.7,164.0
0,42.1169561,8.59616092,0.061,31.9,15.0,50.0
0,42.10806315,8.69661124,0.059,23.3,11.3,60.0
0,41.937465,8.62209389,0.059,6.2,5.5,75.0
0,41.93204422,8.74620784,0.057,7.2,4.9,81.0
0,42.11332409,8.69268541,0.057,6.2,4.0,79.0
0,41.90630947,8.67691221,0.056,5.5,4.8,172.0
0,41.99281304,8.66657287,0.056,6.3,6.0,86.0
0,41.93180537,8.74696795,0.055,9.2,4.6,77.0
0,42.11309529,8.68913715,0.055,7.1,3.9,78.0
0,42.03417423,8.74327715,0.055,63.4,32.3,148.0
0,41.99322182,8.664776,0.055,4.0,3.7,169.0
1,42.1222149,8.62342886,0.054,42.2,12.2,3.0
0,41.93127537,8.74254927,0.053,10.9,7.0,75.0
0,41.99304245,8.66521884,0.053,6.7,3.7,80.0
0,41.90630263,8.67906745,0.052,7.3,7.3,170.0
0,41.93201928,8.74707792,0.05,10.8,3.1,75.0
0,41.9059938,8.63058691,0.05,5.4,3.8,170.0
0,41.93286406,8.74701459,0.05,10.8,2.8,79.0
0,42.11293907,8.68862685,0.05,7.4,4.0,85.0
0,42.10332915,8.70256634,0.049,8.9,3.4,157.0
0,42.04146256,8.73824298,0.048,5.3,4.9,84.0
0,41.90433186,8.64862267,0.047,48.2,9.0,176.0
0,41.9243735,8.76785703,0.046,7.5,4.6,65.0
0,42.11284808,8.6888647,0.045,5.6,3.1,81.0
0,41.93183464,8.74643331,0.045,9.3,2.6,76.0
0,41.91232401,8.73041433,0.044,6.4,4.4,74.0
0,41.91962361,8.7431089,0.043,55.6,8.5,142.0
0,42.11049388,8.68882745,0.043,5.8,5.3,84.0
0,42.11221361,8.68819195,0.042,5.4,4.4,173.0
0,41.92604894,8.77048227,0.042,8.6,5.5,82.0
0,41.92586406,8.77065372,0.042,10.6,3.8,75.0
0,42.11034183,8.68895876,0.041,7.1,5.3,177.0
0,41.93070868,8.74346116,0.04,7.3,6.1,174.0
0,42.06389482,8.73698678,0.039,7.1,5.0,82.0
0,42.06969914,8.57321083,0.039,39.5,16.0,152.0
0,41.90616672,8.67691124,0.039,5.7,5.1,173.0
0,41.93262439,8.74679285,0.038,10.2,4.7,77.0
0,42.05743037,8.73488873,0.037,14.3,7.5,143.0
0,41.90638917,8.6772458,0.036,4.9,4.3,82.0
0,42.09414382,8.70853992,0.036,5.0,4.9,171.0
0,41.93241939,8.74439255,0.035,9.3,2.5,77.0
0,42.11314734,8.69081584,0.035,8.4,5.0,82.0
0,41.90610802,8.67901367,0.033,4.9,4.8,80.0
0,41.90636252,8.66210991,0.033,7.5,4.0,78.0
1,41.92773129,8.74601695,0.033,29.9,10.3,71.0
0,42.11399648,8.68930051,0.033,7.5,4.7,73.0
0,41.90622686,8.67707394,0.032,4.7,4.5,163.0
0,42.04173943,8.73819559,0.03,5.1,4.4,172.0
0,41.99297128,8.66640517,0.03,5.1,4.8,170.0
0,42.11368303,8.69080342,0.029,8.3,4.6,81.0
0,41.92064695,8.74045462,0.029,28.5,23.1,84.0
0,41.99383119,8.6655011,0.029,4.9,4.8,80.0
0,41.93172268,8.74661602,0.028,10.2,3.9,70.0
0,41.93178743,8.74498218,0.026,10.8,2.2,78.0
0,42.03495896,8.7264032,0.026,5.3,4.2,167.0
0,41.93245519,8.74703051,0.025,14.6,3.2,78.0
0,42.11220541,8.69543307,0.025,5.2,5.1,84.0
0,41.93217632,8.74499714,0.025,13.4,3.2,78.0
0,42.11377058,8.69032514,0.024,6.4,3.0,82.0
0,42.11129856,8.68894206,0.024,6.4,6.1,173.0
0,41.90562964,8.65832624,0.024,8.8,4.8,178.0
0,41.90622333,8.67826208,0.024,6.0,3.6,75.0
0,42.1132619,8.69045863,0.023,7.9,4.2,73.0
0,42.0425687,8.73067289,0.023,5.8,5.0,79.0
0,41.94221241,8.58894403,0.023,76.2,27.4,68.0
0,41.92885526,8.74983397,0.023,7.1,3.7,70.0
0,41.93095887,8.56536214,0.023,17.8,9.2,81.0
0,42.10917466,8.65639926,0.022,6.0,4.9,77.0
0,41.90594446,8.67748481,0.022,5.4,4.3,80.0
0,41.99596614,8.62976488,0.022,14.8,9.0,91.0
0,42.11243058,8.69024357,0.021,6.1,3.6,79.0
0,42.0646317,8.7367052,0.021,6.1,4.4,81.0
0,42.01132376,8.62942862,0.021,11.2,5.8,90.0
0,41.93155563,8.74645248,0.021,9.9,2.9,77.0
0,41.92245075,8.76473809,0.02,96.8,23.0,105.0
0,42.13424004,8.61265906,0.02,6.7,3.9,74.0
0,41.93220997,8.74553963,0.02,10.3,4.2,81.0
0,42.04018982,8.7364759,0.02,3.8,3.7,172.0
0,42.11330576,8.68948756,0.02,8.1,3.8,81.0
0,42.09117328,8.76406802,0.02,132.1,28.7,31.0
0,42.14723007,8.73691875,0.02,197.1,48.4,20.0
0,41.93266344,8.74434138,0.019,7.6,3.3,76.0
0,42.04743742,8.72335253,0.019,9.0,8.7,178.0
0,41.99214422,8.6654222,0.019,5.6,4.5,175.0
0,41.9071313,8.79690477,0.019,5.4,4.4,81.0
0,42.11321038,8.68927005,0.019,6.2,4.2,70.0
0,41.93606622,8.62264367,0.018,7.9,6.6,75.0
0,41.92558055,8.7688526,0.018,6.3,5.2,78.0
0,42.04174122,8.73738326,0.018,5.8,4.1,172.0
0,42.11348166,8.69004314,0.018,8.7,3.3,82.0
0,41.93679018,8.62263181,0.018,5.4,4.9,84.0
0,42.11101871,8.69928695,0.017,7.6,4.7,75.0
0,42.04225565,8.73886136,0.016,6.0,5.8,179.0
0,41.92167114,8.74088159,0.016,13.4,11.3,171.0
0,41.90673665,8.67846259,0.016,5.4,4.9,170.0
0,41.92821295,8.74318173,0.016,6.6,5.5,74.0
0,42.11277777,8.68935548,0.016,6.8,5.5,69.0
0,41.92663421,8.74262452,0.016,4.6,4.1,85.0
0,41.90615613,8.67670933,0.015,5.8,5.5,169.0
0,41.92308607,8.74077298,0.015,33.5,14.0,84.0
0,42.10903039,8.797244,0.015,94.1,35.4,37.0
0,42.1098811,8.79830239,0.015,144.5,34.4,59.0
0,42.08513742,8.71406573,0.015,6.0,4.1,175.0
0,41.96794325,8.63597539,0.015,4.1,3.9,172.0
0,41.93290967,8.7473038,0.014,9.7,1.6,79.0
0,41.9179192,8.74079527,0.014,29.4,9.9,133.0
0,42.10641767,8.6708049,0.013,4.6,4.2,169.0
0,41.90575138,8.63249293,0.013,13.1,5.0,1.0
0,42.06400188,8.73640034,0.013,7.2,4.2,82.0
0,42.09729664,8.78290746,0.013,159.0,27.3,48.0
0,41.93091757,8.75346229,0.013,18.2,7.2,42.0
0,42.11008789,8.69055568,0.013,5.8,4.4,78.0
0,42.11332202,8.6886475,0.013,7.9,5.8,82.0
0,42.06251892,8.73603112,0.012,8.2,3.9,53.0
1,41.91812195,8.74749075,0.012,30.9,12.5,86.0
0,42.06216847,8.7355541,0.012,5.6,4.2,59.0
0,41.92149705,8.74086323,0.012,14.0,10.9,168.0
0,41.93329207,8.74732337,0.012,5.0,2.6,82.0
0,41.96392039,8.73650164,0.012,6.4,3.5,82.0
0,41.90552258,8.6728343,0.012,4.2,4.1,173.0
0,41.9295676,8.74214975,0.011,9.3,7.7,172.0
0,42.04237621,8.73822195,0.011,6.0,4.5,168.0
0,42.11287426,8.68827913,0.011,6.4,4.7,82.0
0,41.99342069,8.66508082,0.011,5.3,4.2,169.0
0,41.93089857,8.74348299,0.011,7.8,7.7,83.0
0,41.93211246,8.74483651,0.011,10.4,4.5,73.0
0,41.91946162,8.74360552,0.011,28.2,14.2,162.0
0,41.90555607,8.72090566,0.011,8.1,3.8,153.0
0,41.90834424,8.69284988,0.011,5.8,4.0,171.0
0,41.99541369,8.65084264,0.011,7.1,4.0,75.0
1,42.01798725,8.66514735,0.01,17.4,9.2,177.0
0,41.93328136,8.74616008,0.01,5.6,4.7,79.0
0,42.04126823,8.73781877,0.01,6.0,4.6,172.0
0,41.99221566,8.66534954,0.01,7.1,6.0,88.0
0,41.99364281,8.66523165,0.01,5.1,4.9,79.0
0,41.94809597,8.5933714,0.01,9.2,5.7,136.0
0,42.12152473,8.63657029,0.01,5.0,4.6,77.0
0,42.08570878,8.71114147,0.01,5.4,4.2,173.0
0,41.91929437,8.74040496,0.01,23.4,18.7,81.0
0,41.93308635,8.74555598,0.01,5.3,4.6,80.0
0,42.11358046,8.6908508,0.01,8.1,3.3,82.0
0,41.90653394,8.67746961,0.01,6.4,5.0,77.0
0,42.11202312,8.69053136,0.01,7.5,4.6,74.0
0,41.90548337,8.63239255,0.009,7.7,5.9,178.0
0,41.90576699,8.67725997,0.009,5.9,4.4,81.0
0,41.93172274,8.74603644,0.009,9.3,4.3,68.0
0,42.10913796,8.656827,0.009,4.7,4.6,81.0
0,42.04028216,8.73683692,0.009,4.7,4.1,162.0
0,41.94059127,8.61790026,0.009,7.6,5.9,87.0
0,41.93260186,8.74743528,0.009,8.5,3.9,79.0
0,41.92957542,8.74070869,0.009,5.3,5.1,83.0
0,41.92696771,8.77075787,0.009,8.2,6.2,68.0
0,42.11267839,8.68914372,0.009,6.3,5.2,80.0
1,41.90434957,8.6487492,0.009,60.1,12.4,177.0
0,42.10901825,8.6572728,0.009,7.7,7.4,177.0
0,41.93074406,8.74322253,0.009,6.5,5.8,173.0
0,41.90551498,8.67695491,0.009,4.1,4.0,171.0
0,41.9934298,8.66493192,0.009,4.7,4.7,168.0
0,41.90949036,8.64036069,0.009,5.0,4.9,171.0
0,42.04145848,8.74169655,0.009,4.3,3.9,80.0
0,41.92834003,8.74321416,0.009,6.4,5.3,174.0
0,41.93184954,8.74397317,0.008,7.4,5.4,89.0
0,41.92791619,8.74330621,0.008,9.6,5.7,79.0
0,41.99304037,8.66730589,0.008,4.5,3.8,81.0
0,42.06449269,8.73660781,0.008,7.4,2.5,80.0
0,42.04191456,8.73766061,0.008,7.3,3.7,169.0
0,42.11353681,8.68854986,0.008,5.0,4.0,81.0
0,42.10940191,8.68509022,0.008,4.5,4.4,167.0
0,42.1103845,8.65637114,0.008,5.2,3.8,171.0
0,41.90743636,8.65892225,0.008,7.1,4.0,174.0
0,41.94710622,8.6061995,0.008,5.5,5.0,76.0
0,42.04172322,8.73785423,0.008,6.8,4.6,169.0
0,41.90652979,8.67724534,0.008,5.8,5.5,78.0
0,41.9262185,8.77000465,0.007,8.5,1.9,75.0
0,41.99320048,8.66746709,0.007,4.3,3.5,78.0
0,41.90828611,8.68922492,0.007,5.1,4.2,80.0
0,41.93192495,8.7451476,0.007,5.9,5.6,89.0
0,42.11307644,8.69032563,0.007,10.0,4.0,80.0
0,41.92878848,8.74117316,0.007,7.1,5.9,82.0
0,42.13342806,8.61431283,0.007,5.9,5.5,165.0
0,42.0353641,8.80762472,0.007,85.2,23.7,25.0
0,41.93284966,8.74413514,0.007,5.2,3.2,78.0
0,42.04108581,8.73792718,0.007,5.4,5.0,80.0
0,42.08055159,8.69197424,0.007,16.9,8.5,168.0
0,41.90662279,8.67846705,0.007,6.7,3.9,81.0
0,41.95636043,8.59868079,0.007,7.5,3.4,77.0
0,41.90539839,8.63228923,0.007,13.2,9.0,180.0
0,41.93328751,8.74644041,0.007,6.1,4.2,80.0
0,41.92452862,8.74026975,0.007,118.7,25.1,107.0
0,41.92744886,8.74275533,0.007,10.0,3.9,71.0
0,41.90541244,8.72099064,0.007,8.7,5.0,154.0
0,42.1111584,8.69944158,0.007,7.2,3.5,78.0
0,42.11263558,8.68821719,0.006,4.8,4.4,83.0
0,42.11199764,8.68832294,0.006,6.5,4.7,173.0
0,42.11112,8.69921184,0.006,8.1,4.2,77.0
1,41.93664221,8.58820358,0.006,112.1,31.3,111.0
0,41.92591738,8.77045357,0.006,6.6,5.9,178.0
0,41.92401977,8.74187113,0.006,14.6,7.9,76.0
0,41.95150604,8.60650269,0.006,8.7,7.5,170.0
0,41.92612034,8.77194531,0.006,5.6,5.4,152.0
0,42.02157475,8.67791898,0.006,19.2,13.5,157.0
0,41.93156016,8.74443833,0.006,8.5,4.1,80.0
0,42.04279934,8.73840903,0.006,6.3,5.0,168.0
0,42.11158219,8.68805938,0.006,4.4,3.8,172.0
0,41.92642525,8.77025537,0.006,7.7,2.9,77.0
0,42.1120227,8.80757072,0.006,171.4,39.1,151.0
0,41.90569484,8.67669134,0.006,6.5,5.8,168.0
0,41.92943594,8.74332477,0.006,9.9,7.0,170.0
0,41.93308428,8.74530788,0.006,7.1,5.9,76.0
0,42.12165926,8.63656694,0.006,5.4,4.2,80.0
0,42.11363392,8.68985482,0.006,7.1,5.3,73.0
0,41.933053,8.74754186,0.005,8.0,3.1,80.0
0,42.10915227,8.65659304,0.005,5.3,4.5,82.0
0,41.92248972,8.76391785,0.005,36.3,23.1,124.0
0,42.06361777,8.71861337,0.005,8.0,5.7,87.0
1,42.01841528,8.58086527,0.005,34.3,8.7,80.0
0,42.06476737,8.73621552,0.005,5.0,4.9,69.0
0,42.1122223,8.68805536,0.005,6.1,4.1,171.0
1,41.90989999,8.7354535,0.005,19.5,6.0,51.0
0,42.10899263,8.79586321,0.005,15.6,13.5,159.0
0,42.04175779,8.73620732,0.005,6.4,4.7,171.0
0,42.08504029,8.71503433,0.005,8.2,7.7,169.0
0,42.11031261,8.68907354,0.005,9.3,4.3,0.0
0,41.92332455,8.78246736,0.005,14.8,11.3,159.0
0,41.90659785,8.67928481,0.005,8.1,6.8,74.0
0,41.93328135,8.74442952,0.005,4.8,3.8,77.0
0,41.92773868,8.77115207,0.005,6.0,4.5,80.0
0,42.0416947,8.73907069,0.005,6.1,5.5,171.0
0,41.90617426,8.67925162,0.005,6.6,5.7,80.0
0,41.93349617,8.74701034,0.005,6.1,3.7,79.0
0,42.11043353,8.68907075,0.005,7.0,5.9,176.0
0,42.10907864,8.65739083,0.005,5.0,4.3,79.0
0,42.11110446,8.69058044,0.005,10.6,3.0,76.0
0,41.93340705,8.74715953,0.005,7.0,5.3,66.0
0,41.93140822,8.74298883,0.004,12.6,9.4,70.0
0,42.11345715,8.6907779,0.004,6.5,6.3,179.0
0,42.11402775,8.69043816,0.004,6.5,4.7,70.0
0,41.91211832,8.72376889,0.004,3.7,3.6,171.0
0,41.90581612,8.67765643,0.004,5.8,4.5,158.0
0,41.93329413,8.74586324,0.004,5.4,5.1,80.0
0,42.09691804,8.70943782,0.004,5.3,3.1,81.0
0,41.93326585,8.74744929,0.004,7.1,4.1,82.0
0,41.9294192,8.74214859,0.004,10.1,8.3,81.0
0,42.11276697,8.68815161,0.004,4.7,4.3,70.0
0,41.90615206,8.67777058,0.004,5.6,5.5,169.0
0,41.93350015,8.74672131,0.004,5.9,4.2,79.0
0,42.0424698,8.73745166,0.004,7.2,5.9,163.0
1,42.0114234,8.62942415,0.004,24.5,9.6,88.0
0,42.04237064,8.73876044,0.004,7.1,5.0,169.0
0,41.93088436,8.74324549,0.004,7.3,7.1,82.0
0,42.13011627,8.58096566,0.004,31.9,15.1,83.0
0,41.9119476,8.72353465,0.004,4.3,3.6,80.0
0,42.11372861,8.68855716,0.004,5.4,4.9,77.0
0,41.93341654,8.74658736,0.004,7.0,6.7,68.0
0,42.11369826,8.69115623,0.004,8.2,2.7,82.0
0,42.04171831,8.73557976,0.004,5.8,5.1,170.0
0,42.04137968,8.73774062,0.004,6.9,6.3,89.0
0,41.93170662,8.74545448,0.004,9.8,5.2,68.0
0,42.04393987,8.73519832,0.004,14.7,5.1,165.0
0,41.90656605,8.67812946,0.004,6.3,3.8,79.0
0,42.03982761,8.73574781,0.004,5.0,4.4,163.0
0,42.11103699,8.69888711,0.004,9.3,4.3,77.0
1,42.04778538,8.72373591,0.004,9.4,7.3,170.0
0,42.04167347,8.73842433,0.004,5.3,4.7,170.0
0,42.04213835,8.73646037,0.004,7.2,4.0,166.0
0,41.90575752,8.67750017,0.004,6.1,5.7,170.0
0,42.04334315,8.73446872,0.004,7.4,3.8,157.0
0,42.11359701,8.61792351,0.004,28.8,19.5,159.0
0,41.93007463,8.74262569,0.003,8.1,7.6,75.0
0,42.11361105,8.68872398,0.003,5.2,4.7,70.0
0,41.93349874,8.74643813,0.003,5.5,4.6,77.0
0,41.90878864,8.64520014,0.003,14.8,5.0,73.0
0,41.91767092,8.7415579,0.003,14.5,11.8,58.0
0,42.0422741,8.73659105,0.003,6.3,6.1,179.0
0,41.93662827,8.62273693,0.003,6.6,4.4,82.0
0,41.94236128,8.58970581,0.003,102.4,32.7,80.0
0,42.11112061,8.70102847,0.003,5.5,5.2,80.0
0,42.04044868,8.73729744,0.003,5.0,4.3,81.0
0,42.13389742,8.60889057,0.003,3.8,3.8,167.0
0,41.93305217,8.7447207,0.003,5.9,3.3,77.0
0,42.11235004,8.69043739,0.003,7.8,4.3,68.0
0,42.13412807,8.61015208,0.003,6.1,3.8,71.0
0,42.11276522,8.6904462,0.003,9.7,3.8,73.0
0,41.9266701,8.77056588,0.003,9.3,2.4,77.0
0,41.91893882,8.74046619,0.003,16.7,10.6,57.0
0,42.04189754,8.73612202,0.003,5.8,4.3,169.0
0,42.05987525,8.77284636,0.003,14.2,6.6,0.0
0,41.90589421,8.67843935,0.003,7.2,5.1,171.0
0,41.92773667,8.77084496,0.003,5.1,5.0,78.0
0,42.11113015,8.70123525,0.003,6.0,4.6,77.0
1,42.08602781,8.60722107,0.003,26.1,7.0,65.0
0,42.08758446,8.70504339,0.003,4.6,4.0,170.0
0,41.93265638,8.74782698,0.003,6.3,2.7,76.0
0,41.92749633,8.77173035,0.003,5.8,4.8,80.0
0,41.93036572,8.74363571,0.003,9.0,7.6,152.0
0,41.93615615,8.62247566,0.003,7.5,7.0,74.0
0,42.06418693,8.73696206,0.003,6.6,4.8,80.0
0,41.93278833,8.74742199,0.003,6.2,5.9,178.0
0,42.11373901,8.68889873,0.003,6.0,4.1,81.0
0,41.9929617,8.66532547,0.003,9.2,5.3,75.0
0,41.93175834,8.74376447,0.003,8.1,7.1,82.0
0,41.93209019,8.7483212,0.003,5.6,3.5,66.0
0,41.96831025,8.64492756,0.003,6.0,4.7,86.0
0,41.99361145,8.66491558,0.003,5.1,5.0,76.0
0,41.91773272,8.64146668,0.003,81.7,26.9,126.0
0,41.95157361,8.60703213,0.003,5.6,5.3,171.0
0,41.93329931,8.74556504,0.003,6.1,5.3,169.0
0,41.93085604,8.74064578,0.003,6.7,5.0,81.0
0,42.11265519,8.68859098,0.003,6.2,2.8,82.0
0,41.90656298,8.67976831,0.003,10.3,8.3,152.0
0,41.97159273,8.63253586,0.003,45.9,39.2,59.0
0,42.04104327,8.7346436,0.003,4.8,4.6,166.0
0,41.92753928,8.74334718,0.003,14.4,4.7,81.0
0,41.92951296,8.74262977,0.003,8.8,7.9,69.0
0,42.11352316,8.68826645,0.003,5.3,4.5,77.0
0,41.99240046,8.66606059,0.003,6.1,6.1,171.0
0,42.04204058,8.73973629,0.003,7.2,5.4,163.0
0,41.93027593,8.7437566,0.003,10.0,8.3,155.0
0,42.04314879,8.73656349,0.003,6.6,5.9,89.0
0,42.04206028,8.73856637,0.003,8.3,4.7,159.0
0,41.91218782,8.72629985,0.003,4.3,3.8,172.0
0,41.93190986,8.7474754,0.003,6.7,6.3,179.0
0,42.04170121,8.73670787,0.003,6.4,4.7,169.0
0,42.0877603,8.6674957,0.003,8.1,4.5,148.0
0,42.04360236,8.73555995,0.003,8.8,4.1,166.0
0,41.91221151,8.72421165,0.003,6.0,4.1,71.0
0,41.91904598,8.74128122,0.003,14.7,5.8,157.0
0,41.92892187,8.74117551,0.003,10.1,6.5,80.0
0,41.91810914,8.74051823,0.003,45.9,11.4,132.0
0,41.90732242,8.6469582,0.003,13.5,4.9,174.0
0,42.11254917,8.68841777,0.003,5.9,5.7,178.0
0,41.93350076,8.74729984,0.003,5.8,4.2,79.0
0,41.92187881,8.74102969,0.003,18.8,18.6,76.0
0,42.13327358,8.60824747,0.002,3.8,3.5,79.0
0,42.04162172,8.73805817,0.002,7.4,5.7,162.0
0,41.95847234,8.59719874,0.002,7.6,7.3,164.0
0,41.95222292,8.60614792,0.002,4.5,4.0,171.0
0,41.93102841,8.74511158,0.002,6.3,6.2,179.0
0,42.04584581,8.74513998,0.002,4.1,3.7,169.0
0,41.93075028,8.74296355,0.002,6.7,6.5,172.0
0,42.06120741,8.74092379,0.002,4.7,4.4,169.0
0,41.93158958,8.74526075,0.002,9.5,3.0,77.0
0,42.09488891,8.70909977,0.002,6.1,4.5,77.0
0,41.934395,8.69364343,0.002,23.2,21.6,168.0
0,41.92930189,8.74284043,0.002,6.0,5.8,178.0
0,41.93049099,8.74318527,0.002,7.2,6.5,172.0
0,42.11394188,8.69091128,0.002,6.6,2.5,82.0
0,42.04245839,8.73860446,0.002,8.4,5.7,162.0
0,41.91796137,8.74157524,0.002,27.0,17.2,40.0
0,42.04194017,8.7370111,0.002,9.1,4.5,167.0
0,41.90591008,8.6778125,0.002,7.4,6.0,75.0
0,42.11257576,8.69074349,0.002,6.4,6.2,89.0
0,42.0398422,8.73630789,0.002,4.5,3.9,163.0
0,42.10930154,8.65652001,0.002,4.8,4.3,170.0
0,42.04118326,8.73799825,0.002,5.5,5.1,160.0
0,41.93341506,8.7459976,0.002,7.5,7.4,65.0
0,42.04247452,8.73688538,0.002,10.1,4.1,162.0
0,41.93273705,8.74399334,0.002,6.3,5.8,88.0
0,42.04159213,8.73742297,0.002,6.6,5.0,166.0
0,41.99289881,8.66507903,0.002,7.8,6.5,68.0
0,41.90817039,8.70018888,0.002,4.3,3.7,174.0
0,41.92728738,8.770895,0.002,5.5,3.6,81.0
0,41.92752425,8.77055736,0.002,5.1,4.4,79.0
0,41.91810301,8.74129946,0.002,12.3,9.9,47.0
0,42.03565992,8.58700783,0.002,11.2,4.6,82.0
0,42.04292961,8.7334126,0.002,6.2,5.3,167.0
0,41.99259121,8.65623998,0.002,10.3,8.6,88.0
0,42.06373716,8.73530816,0.002,6.7,6.2,89.0
0,41.96993941,8.64982244,0.002,5.1,4.2,78.0
0,42.05697029,8.59849791,0.002,14.5,6.4,70.0
0,41.99324753,8.66504781,0.002,5.7,5.4,169.0
0,41.90523599,8.6792962,0.002,7.8,3.9,72.0
0,41.93327806,8.74527524,0.002,5.9,5.5,165.0
0,41.93780165,8.62209102,0.002,6.2,5.1,76.0
0,41.90674501,8.67860348,0.002,5.9,4.0,79.0
0,42.11306562,8.68828002,0.002,6.8,6.4,80.0
0,42.04400407,8.73769683,0.002,6.6,5.9,178.0
0,41.92733783,8.77172458,0.002,6.3,4.0,79.0
0,42.06426296,8.73632959,0.002,8.2,3.3,82.0
0,41.99385541,8.66664041,0.002,5.5,4.5,75.0
0,41.9184014,8.74090317,0.002,54.8,18.8,134.0
0,41.93329824,8.7467307,0.002,6.6,3.7,81.0
0,42.09581374,8.7103323,0.002,4.3,3.9,77.0
0,42.11341163,8.6884384,0.002,6.1,5.8,178.0
0,42.11326334,8.69083642,0.002,9.3,3.5,78.0
0,42.05843994,8.74452706,0.002,5.2,5.0,175.0
0,42.12110289,8.63656949,0.002,5.5,4.7,165.0
0,41.9295814,8.74179927,0.002,6.2,6.0,83.0
0,41.93115407,8.5654779,0.002,20.5,9.5,78.0
0,42.12069651,8.64732866,0.002,5.3,3.8,78.0
0,42.11092002,8.70093547,0.002,4.5,4.3,80.0
0,42.04688499,8.74593683,0.002,5.3,4.1,80.0
0,42.04043641,8.73759171,0.002,4.3,4.0,78.0
1,42.02938741,8.63021413,0.002,25.0,8.1,74.0
0,41.9320918,8.7430676,0.002,6.2,5.2,63.0
0,41.93298001,8.74426883,0.002,6.7,6.3,160.0
0,41.97213457,8.76521058,0.002,82.4,37.1,18.0
0,41.99384567,8.66521369,0.002,6.0,4.6,167.0
0,41.92954092,8.7413633,0.002,7.0,7.0,76.0
0,42.0411918,8.7386253,0.002,5.6,5.2,159.0
0,41.92706211,8.7687421,0.002,5.6,5.2,80.0
0,41.9330693,8.74441468,0.002,5.5,3.6,77.0
0,42.06352191,8.73918003,0.002,4.9,4.2,162.0
0,41.99387349,8.66577466,0.002,5.4,4.5,79.0
0,42.11057629,8.65544245,0.002,6.9,5.5,175.0
0,42.04023448,8.73698054,0.002,5.5,5.1,166.0
0,41.92047928,8.61559784,0.002,132.5,27.7,96.0
0,42.04323225,8.73732086,0.002,7.6,6.1,164.0
0,42.04322088,8.73646734,0.002,5.2,4.9,166.0
0,41.92957544,8.74087998,0.002,6.3,5.8,83.0
0,41.92764984,8.74259867,0.002,13.1,5.3,65.0
0,41.93161089,8.74380653,0.002,8.6,5.8,80.0
0,41.9293983,8.74063731,0.002,5.8,4.9,82.0
0,42.06448894,8.73519148,0.002,6.2,4.5,79.0
0,41.93070311,8.74750068,0.002,7.4,4.4,78.0
0,41.92643882,8.77083894,0.002,12.9,2.8,76.0
0,41.92276984,8.76337565,0.002,17.7,12.7,33.0
0,41.9277391,8.77142594,0.002,6.0,3.2,79.0
0,41.99407334,8.66606127,0.002,6.2,4.6,74.0
0,41.90624225,8.67649753,0.002,6.5,5.0,157.0
0,42.11205164,8.68972825,0.002,8.1,3.9,78.0
0,41.90452389,8.67542286,0.001,4.8,4.6,158.0
0,42.0439959,8.73659626,0.001,6.8,5.9,178.0
0,41.90719923,8.78137656,0.001,12.2,4.5,131.0
0,41.97159479,8.6320234,0.001,18.3,16.6,173.0
0,41.90593336,8.67809676,0.001,6.7,4.9,78.0
0,41.95200344,8.60677096,0.001,4.3,4.2,168.0
0,42.04814206,8.72511823,0.001,8.8,3.4,149.0
0,42.04235675,8.73730863,0.001,6.5,6.2,169.0
0,41.97233125,8.63056756,0.001,10.3,10.2,74.0
0,41.93183177,8.74217238,0.001,8.7,8.1,175.0
0,41.90918066,8.64772573,0.001,6.2,5.1,162.0
0,41.91169025,8.72348565,0.001,4.7,3.5,78.0
0,42.04147087,8.73756998,0.001,6.9,6.4,167.0
0,41.92743456,8.77070926,0.001,8.0,6.6,66.0
0,41.92983948,8.7423372,0.001,7.8,7.8,77.0
0,42.11116268,8.69866321,0.001,8.7,3.7,79.0
0,42.06368699,8.7365091,0.001,7.3,6.8,89.0
0,41.93052448,8.74734885,0.001,6.2,4.5,76.0
0,41.93165655,8.74272832,0.001,12.1,6.5,83.0
0,41.90535842,8.66960012,0.001,9.6,4.4,172.0
0,41.9126509,8.74014566,0.001,6.4,4.2,66.0
1,42.03923006,8.69654675,0.001,22.3,6.1,69.0
0,42.0726599,8.70075249,0.001,9.4,8.9,178.0
0,41.93350499,8.74759548,0.001,5.7,3.7,79.0
0,41.99376722,8.66507084,0.001,6.4,5.9,158.0
0,42.03545751,8.79835442,0.001,18.5,7.8,2.0
0,42.11069849,8.68885288,0.001,10.5,3.0,78.0
0,41.91280418,8.73123077,0.001,6.1,5.7,165.0
0,42.06544503,8.73533747,0.001,6.4,6.1,178.0
0,41.92496168,8.76615235,0.001,4.8,4.6,80.0
0,42.0644607,8.73490935,0.001,5.6,5.5,171.0
0,41.93265559,8.74384471,0.001,5.1,4.1,78.0
0,41.90548848,8.67721264,0.001,6.1,5.1,169.0
0,42.04289842,8.73799434,0.001,5.8,5.3,161.0
0,42.00212284,8.6543994,0.001,7.5,5.8,87.0
1,42.03513049,8.61496837,0.001,28.4,10.8,64.0
0,41.92237257,8.74068427,0.001,17.7,15.2,149.0
0,41.93361315,8.74626782,0.001,6.5,6.1,88.0
1,42.12365474,8.57571179,0.001,141.0,16.0,154.0
0,42.04312266,8.73535187,0.001,6.6,5.0,179.0
0,41.9291451,8.74118514,0.001,9.5,6.5,80.0
0,42.11428509,8.69070774,0.001,6.8,6.3,178.0
0,42.11029678,8.69086292,0.001,5.9,4.2,76.0
0,41.93125694,8.7465565,0.001,11.5,5.8,68.0
0,42.11426769,8.68955139,0.001,6.5,6.4,88.0
0,41.93363144,8.74508565,0.001,6.4,5.6,178.0
0,41.93192076,8.7428306,0.001,6.1,5.8,88.0
0,41.91207671,8.72349909,0.001,5.5,4.6,168.0
0,41.95994293,8.68165594,0.001,100.2,25.7,151.0
0,41.9122817,8.72634694,0.001,5.1,3.6,80.0
0,41.92308736,8.76473951,0.001,52.8,31.9,91.0
0,41.93196402,8.74318262,0.001,7.7,6.5,73.0
0,41.90726722,8.68241359,0.001,5.8,5.2,168.0
0,41.90761367,8.66579939,0.001,5.4,4.8,168.0
0,41.92374708,8.74089396,0.001,27.5,14.1,169.0
0,42.04365092,8.73664853,0.001,5.0,4.5,169.0
0,41.92753231,8.77084927,0.001,5.2,4.3,80.0
0,42.09645032,8.70950927,0.001,4.7,4.3,168.0
0,42.08650223,8.70910463,0.001,8.6,4.0,167.0
0,41.9679002,8.60961174,0.001,3.9,3.8,81.0
0,42.11373042,8.68971893,0.001,8.0,4.0,78.0
0,42.09629811,8.70965963,0.001,5.0,4.9,81.0
0,41.9057737,8.67863288,0.001,6.7,6.4,84.0
0,41.92298592,8.76284171,0.001,93.9,27.9,106.0
0,42.06426613,8.73517279,0.001,7.5,5.3,77.0
0,42.08183889,8.71368783,0.001,6.1,5.0,76.0
0,41.93135348,8.74351047,0.001,8.7,5.4,172.0
0,41.905919,8.67668381,0.001,7.9,6.5,166.0
0,41.99508604,8.65764337,0.001,6.3,5.3,167.0
0,42.04169839,8.73319832,0.001,4.2,4.1,80.0
0,42.04150658,8.73612766,0.001,6.9,6.6,163.0
0,41.93330448,8.74499277,0.001,5.8,4.6,75.0
0,42.10921062,8.65696258,0.001,5.2,4.6,73.0
0,41.99572546,8.65754812,0.001,5.8,5.8,170.0
0,42.04260695,8.74019966,0.001,6.9,5.8,170.0
0,41.92679082,8.77152732,0.001,6.1,5.7,179.0
0,41.9287662,8.74102398,0.001,7.4,6.1,77.0
0,41.931955,8.74417975,0.001,8.1,4.7,81.0
1,42.07179143,8.57130654,0.001,77.9,23.2,107.0
0,41.90867784,8.64837297,0.001,12.8,5.7,177.0
1,41.94817081,8.59332976,0.001,16.4,8.3,131.0
0,41.97149202,8.61479113,0.001,86.9,30.1,156.0
0,42.11316566,8.80497636,0.001,97.7,26.3,129.0
0,41.93002935,8.74384486,0.001,15.0,8.4,54.0
0,42.11154403,8.68911377,0.001,7.3,4.9,79.0
0,42.04283124,8.73758443,0.001,7.0,4.2,171.0
0,42.04140972,8.73891957,0.001,6.5,6.4,179.0
0,41.92254822,8.7823954,0.001,5.8,5.3,81.0
0,42.11261432,8.65331523,0.001,4.7,3.6,82.0
0,42.11061748,8.68932028,0.001,9.3,6.7,69.0
0,42.04049754,8.73660712,0.001,6.4,5.8,88.0
0,42.11170232,8.68962739,0.001,6.6,5.7,179.0
0,42.02289307,8.68301178,0.001,5.2,4.6,81.0
0,42.04319927,8.73761686,0.001,8.1,5.9,168.0
0,41.93766936,8.62207172,0.001,5.6,5.3,168.0
0,42.1117256,8.69928002,0.001,7.6,5.7,179.0
0,41.93268178,8.74857168,0.001,6.7,5.2,75.0
1,42.12356355,8.57442029,0.001,90.9,14.5,151.0
0,41.95931776,8.6822338,0.001,14.5,6.5,83.0
0,41.90491989,8.70679024,0.001,15.8,8.9,53.0
1,42.10968802,8.7982168,0.001,150.3,37.7,58.0
0,41.91171419,8.72318408,0.001,5.0,3.6,166.0
0,41.99333236,8.66461036,0.001,6.4,5.1,159.0
0,41.9934144,8.66473768,0.001,5.6,4.9,166.0
0,42.04109478,8.73756945,0.001,6.3,3.6,172.0
